date,equity,coreValue,cashValue,wheelValue,leapsValue
2012-01-03,100000,50000,10000,32000,8000
2012-01-04,100308.95491386167,50210.89442647939,10000,32000,8098.060487382284
2012-01-05,100917.39752785962,50623.90076048569,10000,32000,8293.496767373927
2012-01-06,101174.91840431963,50799.648350622825,10000,32000,8375.270053696806
2012-01-09,100917.30489313627,50632.68663154464,10000,32000,8284.618261591633
2012-01-10,101463.0354164555,51001.75690604327,10000,32000,8461.27851041223
2012-01-11,101616.54062535086,51107.204119282964,10000,32000,8509.336506067886
2012-01-12,101913.13083332306,51309.31267470341,10000,32000,8603.818158619642
2012-01-13,101635.45147669321,51124.779213507325,10000,32000,8510.672263185887
2012-01-17,102316.50453152721,51590.50747808024,10000,32000,8725.997053446976
2012-01-18,103341.40651003551,52275.92274440443,10000,32000,9065.483765631068
2012-01-19,103822.72226795243,52601.05360728893,10000,32000,9221.668660663508
2012-01-20,103699.59235840641,52521.967359332535,10000,32000,9177.624999073867
2012-01-23,103714.39945455565,52539.542453556896,10000,32000,9174.857000998752
2012-01-24,103561.8594600338,52442.88111137615,10000,32000,9118.978348657649
2012-01-25,104551.34860813072,53101.932060310566,10000,32000,9449.416547820165
2012-01-26,104270.45406879,52917.39859911448,10000,32000,9353.055469675523
2012-01-27,104504.15881194778,53075.571095027255,10000,32000,9428.587716920516
2012-01-30,104544.27192884676,53119.50715453492,10000,32000,9424.764774311849
2012-01-31,104646.27128068967,53189.804179325896,10000,32000,9456.46710136377
2012-02-01,106785.1943251442,54370.38560755656,10150,32480,9784.80871758764
2012-02-02,107043.15564535612,54539.679257533244,10150,32480,9873.47638782287
2012-02-03,108206.73924989253,55288.140939997866,10150,32480,10288.59830989467
2012-02-06,108123.75584161501,55243.59033726644,10150,32480,10250.165504348568
2012-02-07,108299.18367563849,55359.42462356265,10150,32480,10309.759052075833
2012-02-08,108752.51296020084,55653.46132078458,10150,32480,10469.05163941626
2012-02-09,109375.5893308072,56054.42354335369,10150,32480,10691.16578745351
2012-02-10,108761.06630933989,55662.37348072674,10150,32480,10468.692828613159
2012-02-13,109556.36931594377,56179.166590598936,10150,32480,10747.202725344832
2012-02-14,109775.1794434202,56321.730558735384,10150,32480,10823.44888468482
2012-02-15,109159.61854772244,55929.680496108434,10150,32480,10599.938051614003
2012-02-16,110359.12042320463,56695.96309946426,10150,32480,11033.15732374038
2012-02-17,110075.90158087533,56517.75728954542,10150,32480,10928.144291329903
2012-02-21,110310.26817947338,56678.14217857306,10150,32480,11002.126000900322
2012-02-22,109873.23681531932,56419.7439241404,10150,32480,10823.492891178912
2012-02-23,110454.75192239051,56793.97646486927,10150,32480,11030.77545752123
2012-02-24,110758.00653139495,56989.99979668619,10150,32480,11138.006734708746
2012-02-27,110865.78137077682,57070.195640193124,10150,32480,11165.585730583696
2012-02-28,111776.64366550089,57649.35687469484,10150,32480,11497.286790806047
2012-02-29,111357.1398072518,57390.96541824841,10150,32480,11336.174389003394
2012-03-01,113570.7480123542,58595.383605504874,10300,32960,11715.364406849327
2012-03-02,113478.28049258815,58550.258820623145,10300,32960,11668.021671965002
2012-03-05,112496.73554781963,57945.526105297606,10300,32960,11291.209442522015
2012-03-06,111579.2750142431,57376.90423567933,10300,32960,10942.370778563765
2012-03-07,112282.37907035371,57819.16568982688,10300,32960,11203.21338052683
2012-03-08,113277.7415074801,58441.946941879876,10300,32960,11575.794565600223
2012-03-09,113654.13694974162,58685.64006139451,10300,32960,11708.496888347105
2012-03-12,113681.34648280087,58712.72319567497,10300,32960,11708.6232871259
2012-03-13,115451.28842623185,59804.84215002978,10300,32960,12386.446276202068
2012-03-14,115774.10178204447,60012.43130996332,10300,32960,12501.67047208115
2012-03-15,116022.60943928684,60183.92339644196,10300,32960,12578.686042844864
2012-03-16,115780.88629255403,60039.50755811759,10300,32960,12481.378734436443
2012-03-19,116455.80406588652,60463.72047553768,10300,32960,12732.083590348844
2012-03-20,116614.139237458,60572.03235428096,10300,32960,12782.106883177034
2012-03-21,116623.63994009336,60581.060065707774,10300,32960,12782.579874385583
2012-03-22,116412.46079169448,60454.699650237046,10300,32960,12697.761141457437
2012-03-23,116337.74962259909,60418.59569065596,10300,32960,12659.153931943129
2012-03-26,118056.07782660602,61474.61068542968,10300,32960,13321.467141176347
2012-03-27,118197.4139425081,61564.867141319315,10300,32960,13372.546801188771
2012-03-28,117791.68884316915,61321.17402180468,10300,32960,13210.514821364468
2012-03-29,117403.50607653399,61086.50172759068,10300,32960,13057.004348943297
2012-03-30,117207.2686938952,60969.169023546776,10300,32960,12978.099670348423
2012-04-02,119728.57176489485,62350.97110090041,10450,33440,13487.600663994433
2012-04-03,119691.59111512327,62332.702820842555,10450,33440,13468.888294280714
2012-04-04,118284.82285747804,61483.08491385583,10450,33440,12911.737943622215
2012-04-05,118916.3672679583,61866.78152476192,10450,33440,13159.585743196374
2012-04-09,118123.96819244529,61400.86022868128,10450,33440,12833.107963764005
2012-04-10,116503.58309560797,60414.20582638076,10450,33440,12199.377269227214
2012-04-11,117092.29160272062,60706.54709706621,10450,33553.56657351594,12382.177932138467
2012-04-12,118396.50799158543,61400.86022868128,10450,33714.764626847,12830.883136057148
2012-04-13,116583.83093615403,60469.0246064857,10450,33435.25613276044,12229.550196907887
2012-04-16,115227.38920107938,59792.97975492848,10450,33198.57477452963,11785.834671621264
2012-04-17,117648.29098270215,61008.02599276343,10450,33610.66021493773,12579.604775000995
2012-04-18,117374.61783133986,60852.72121739178,10450,33601.43991604805,12470.456697900026
2012-04-19,116025.3260245796,60167.54571078848,10450,33378.963300262,12028.817013529113
2012-04-20,115653.12630912957,60003.10331040506,10450,33305.50175728612,11894.52124143839
2012-04-23,114540.78623690679,59454.964299115556,10450,33105.512936898886,11530.309000892352
2012-04-24,113810.43082960091,59135.21712336048,10450,32900.84805865281,11324.36564758762
2012-04-25,117109.85622334623,60706.54709706621,10450,33601.962085691215,12351.3470405888
2012-04-26,117800.98429985477,61062.83780290268,10450,33712.428274475606,12575.718222476487
2012-04-27,118476.54206771441,61428.266133750905,10450,33789.01272482943,12809.263209134075
2012-04-30,117718.50585127252,60989.75771270558,10450,33770.471325583254,12508.27681298367
2012-05-01,119415.04522395498,61840.250677937984,10600,34287.428670952824,12687.36587506416
2012-05-02,119729.0640500035,62015.9546755412,10600,34321.98259168319,12791.126782779096
2012-05-03,118579.01649299372,61359.35949741195,10600,34239.36953670292,12380.287458878856
2012-05-04,115465.33125354286,59833.46591601013,10600,33565.27833653626,11466.587000996464
2012-05-07,115735.30389540286,59888.9577017849,10600,33763.382524695895,11482.963668922066
2012-05-08,115275.93020881542,59667.004669756556,10600,33665.65898920838,11343.266549850481
2012-05-09,114956.36324108251,59482.05086526831,10600,33650.76069302507,11223.551682789128
2012-05-10,114646.1506842559,59361.8315979045,10600,33541.18842294616,11143.130663405245
2012-05-11,98493.44966938482,59352.58179101947,10600,17410.40820238531,11130.459675980033
2012-05-14,97127.44536974624,58797.713322019365,10600,16950.37022756746,10779.361820159425
2012-05-15,96658.26688442915,58603.50618287841,10600,16810.77185741942,10643.988844131323
2012-05-16,95678.4145661174,58205.84915324685,10600,16466.62079271081,10405.944620159748
2012-05-17,92794.5866946611,56975.88942011513,10600,15512.120274391484,9706.577000154482
2012-05-18,91053.18531034385,56236.063618859094,10600,14927.731553805392,9289.390137679347
2012-05-21,94716.5877682656,57808.192123615285,10600,16103.022159994736,10205.373484655569
2012-05-22,94542.41740778525,57743.45758649086,10600,16047.824641176072,10151.13518011831
2012-05-23,94794.73930454745,57854.43410250504,10600,16132.226458906236,10208.078743136168
2012-05-24,93918.85628790113,57475.27315887584,10600,15859.51122775519,9984.071901270081
2012-05-25,93710.55356617895,57401.28881486639,10600,15775.11033978675,9934.154411525808
2012-05-29,95401.15120571548,58131.868337005086,10600,16327.022390542206,10342.260478168186
2012-05-30,94238.08547915332,57641.734405129406,10600,15953.66793539537,10042.683138628548
2012-05-31,93601.18468772325,57392.04253574905,10600,15739.392876019712,9869.749275954475
2012-06-01,91577.34089706458,56616.14895434723,10750,15057.098878560688,9154.093064156668
2012-06-04,92492.99348110904,57047.25931275063,10750,15349.293239090024,9346.44092926838
2012-06-05,93027.7569472853,57281.558886899584,10750,15540.847447493676,9455.350612892038
2012-06-06,95963.77739659252,58593.637932184814,10750,16505.103791890768,10115.03567251693
2012-06-07,95438.8928864639,58359.338358035864,10750,16336.270434459411,9993.284093968632
2012-06-08,96718.9390809443,58921.65590594223,10750,16774.577301447804,10272.705873554269
2012-06-11,94487.00045067148,57928.227999632465,10750,16040.834351600926,9767.938099438092
2012-06-12,96000.26556220271,58631.126722079316,10750,16501.862069561615,10117.276770561773
2012-06-13,95094.45809966944,58228.1311685329,10750,16206.39533431435,9909.931596822193
2012-06-14,95567.98596007633,58443.6863477346,10750,16371.987898276822,10002.311714064912
2012-06-15,97004.07777004932,59034.12227562573,10750,16923.899948986964,10296.055545436624
2012-06-18,98224.97581976463,59587.06941362236,10750,17323.24670096853,10564.659705173735
2012-06-19,99678.95815511399,60205.6165712427,10750,17845.947259560617,10877.39432431066
2012-06-20,99792.70491324173,60252.47934617472,10750,17904.38860629521,10885.83696077181
2012-06-21,96313.8575231121,58752.95992654477,10750,16670.669864691034,10140.22773187629
2012-06-22,97714.2168535169,59371.510659292886,10750,17144.69298570079,10448.013208523216
2012-06-25,95056.76468917813,58228.1311685329,10750,16212.916589926486,9865.71693071874
2012-06-26,95880.34577463049,58593.637932184814,10750,16498.596816777834,10038.111025667842
2012-06-27,96682.13019075988,58949.77428592699,10750,16774.58439217895,10207.771512653937
2012-06-28,95145.6938272308,58293.73476328438,10750,16222.640959938055,9879.318104008355
2012-06-29,99370.64251292526,60130.646141709265,10750,17667.37190693624,10822.62446427975
2012-07-02,101252.346524664,61058.70895588869,10900,18277.247233633345,11016.390335141954
2012-07-03,102432.18733641447,61571.09061119451,10900,18666.84081814596,11294.255907073992
2012-07-05,102539.41178827459,61609.04561223675,10900,18725.27963489321,11305.086541144645
2012-07-06,100682.20706035328,60840.47674886613,10900,18062.972644623645,10878.757666863505
2012-07-09,100436.29122477835,60726.61174573942,10900,18007.77606084885,10801.903418190093
2012-07-10,99007.11726747485,60128.83314788262,10900,17514.302325031204,10463.981794561034
2012-07-11,98276.35261534051,59796.73593773336,10900,17300.026336796476,10279.590340810673
2012-07-12,96971.76343885095,59236.9123409188,10900,16855.23695401009,9979.614143922052
2012-07-13,99002.10694350218,60138.32370793724,10900,17504.547434516768,10459.23580104817
2012-07-16,98601.6735206561,59967.529822835306,10900,17387.668947216822,10346.474750603978
2012-07-17,99315.13409754891,60280.649532463445,10900,17624.697367674384,10509.787197411091
2012-07-18,101197.03313995637,61096.66395693092,10900,18264.25109994456,10936.1180830809
2012-07-19,102772.55778290071,61770.34893728407,10900,18796.714674400337,11305.494171216294
2012-07-20,100859.40324357114,60954.3345128166,10900,18147.374470365143,10857.694260389406
2012-07-23,99104.35999470268,60214.23009043359,10900,17546.77899538126,10443.350908887833
2012-07-24,98015.38291505672,59739.803436170005,10900,17189.654281981562,10185.925196905146
2012-07-25,97060.2597062648,59341.28678399089,10900,16848.79212058993,9970.18080168398
2012-07-26,98827.64923934697,60128.83314788262,10900,17433.175359072175,10365.640732392167
2012-07-27,102217.6924410447,61552.116730261514,10900,18608.37448315511,11157.201227628066
2012-07-30,102028.22124504452,61504.671169164656,10900,18507.783475677894,11115.76660020199
2012-07-31,102002.60671653836,61485.69728823166,10900,18517.51323924277,11099.396189063913
2012-08-01,103030.28307458977,62055.4128430751,11050,18835.200152584635,11089.67007893003
2012-08-02,102510.52592395565,61834.503492587944,11050,18663.129177875122,10962.89325349258
2012-08-03,105163.96401522466,63006.26759573916,11050,19588.42234093418,11519.274078551316
2012-08-06,106281.60398862905,63486.49830504775,11050,19974.778184202372,11770.327499378938
2012-08-07,107385.69902739559,64014.755016382835,11050,20409.810734326416,11911.13327668633
2012-08-08,107225.25957228076,63985.94234626258,11050,20380.577832675,11808.739393343183
2012-08-09,107603.80280133372,64178.03169889037,11050,20533.173524579026,11842.597577864304
2012-08-10,107665.7414152794,64216.45103496375,11050,20607.85264022526,11791.437740090389
2012-08-13,108002.03752016979,64370.121051518174,11050,20718.246474451844,11863.66999419978
2012-08-14,108061.60309184385,64398.94104937753,11050,20744.210001917865,11868.45204054846
2012-08-15,108440.73997396734,64562.217731885066,11050,20874.08510876082,11954.437133321462
2012-08-16,110313.17265413339,65330.58247013535,11050,21536.390345358577,12396.19983863946
2012-08-17,110930.32949792777,65618.72382681615,11050,21799.35068784733,12462.254983264305
2012-08-20,111130.63801797459,65714.76850313005,11050,21874.02733802385,12491.842176820694
2012-08-21,110491.8524836465,65455.44714430861,11050,21650.027111660456,12336.378227677427
2012-08-22,111065.64397277952,65724.37516908316,11050,21857.789002849586,12433.479800846782
2012-08-23,109777.32673057143,65186.51911953405,11050,21425.99716176854,12114.810449268822
2012-08-24,110740.54149358011,65589.91115669589,11050,21763.632295382202,12336.99804150201
2012-08-27,110969.3867726773,65695.5624989629,11050,21857.789002849586,12366.035270864819
2012-08-28,110936.52076040811,65695.5624989629,11050,21854.825611102922,12336.132650342282
2012-08-29,110937.87224524804,65695.5624989629,11050,21861.493465496387,12330.816280788753
2012-08-30,109291.36328268264,65032.84177524054,11050,21267.96564557006,11940.555861872039
2012-08-31,110373.79842473353,65465.05381026172,11050,21670.509767836604,12188.234846635209
2012-09-04,111646.85643351324,66147.81447632899,11200,22069.446306063648,12229.595651120597
2012-09-05,111441.15864920663,66079.81143512373,11200,21981.83470339175,12179.512510691146
2012-09-06,115129.45307450522,67546.74265172376,11200,23244.653366043578,13138.057056737869
2012-09-07,114872.29365922493,67449.59650882703,11200,23157.03561017008,13065.661540227833
2012-09-10,112646.25237102949,66584.98323702766,11200,22410.395375403914,12450.873758597918
2012-09-11,112370.56641942842,66478.12025630858,11200,22325.99772337454,12366.448439745298
2012-09-12,112847.35165915794,66672.41254210203,11200,22494.80003303752,12480.139084018389
2012-09-13,115130.00698021264,67575.8857534152,11200,23277.223057955507,13076.898168841932
2012-09-14,116649.31402883423,68178.20369821588,11200,23799.93057324237,13471.17975737598
2012-09-17,116717.82336727824,68207.34679990732,11200,23838.894946753015,13471.581620617899
2012-09-18,116849.04934290201,68265.63300329023,11200,23877.853435208362,13505.562904403409
2012-09-19,117193.79122799751,68391.92965965402,11200,24017.45190082841,13584.409667515074
2012-09-20,117005.44980290678,68323.92661844876,11200,23968.768509101636,13512.754675356377
2012-09-21,116638.48479143543,68149.06059652442,11200,23968.768509604706,13320.655685306307
2012-09-24,115559.99103733123,67750.75177533955,11200,23579.176648177836,13030.062613813841
2012-09-25,113137.15691599839,66798.70919846582,11200,22748.03619739469,12390.41152013789
2012-09-26,111702.69316537914,66254.67745704806,11200,22225.327513454875,12022.688194876207
2012-09-27,114035.28616559829,67167.86750618361,11200,23046.74465497111,12620.674004443576
2012-09-28,112616.58809909824,66614.12633871911,11200,22562.99608603812,12239.465674340994
2012-10-01,113808.25194088474,67266.9801958224,11350,22958.562687837653,12232.70905722469
2012-10-02,114208.88071386183,67463.46318861902,11350,23085.200690640875,12310.21683460193
2012-10-03,115274.25799470005,67895.73476718646,11350,23458.541561712304,12569.981665801286
2012-10-04,115859.53955862943,68131.51585761155,11350,23692.30700207186,12685.71669894603
2012-10-05,114884.38916474691,67768.02157140322,11350,23341.69143456478,12424.676158778915
2012-10-08,113312.63810985473,67149.08590293699,11350,22812.509926163104,12001.042280754644
2012-10-09,110483.87052581139,66078.24085010766,11350,21812.56863266702,11243.061043036718
2012-10-10,109704.52361554082,65744.21076793854,11350,21588.536943791765,11021.775903810516
2012-10-11,109197.7083723649,65537.90137689837,11350,21426.21864146772,10883.588353998819
2012-10-12,109135.82366366895,65508.42967751344,11350,21422.976922672206,10854.417063483315
2012-10-15,110252.86047079304,65989.81825660718,11350,21783.333838249095,11129.708375936765
2012-10-16,112586.76556563139,66923.13121075544,11350,22585.239337937375,11728.395016938564
2012-10-17,112449.02050456537,66883.83311312697,11350,22526.801026135152,11688.386365303255
2012-10-18,110487.17564599225,66107.71254949259,11350,21871.0071016892,11158.455994810465
2012-10-19,106591.75565669166,64525.99972283888,11350,20533.396302155314,10182.35963169746
2012-10-22,107380.82729650257,64860.02230966229,11350,20802.869811712473,10367.93517512782
2012-10-23,105830.59920298874,64241.094136541775,11350,20286.64457243096,9952.860494016013
2012-10-24,105261.78946613995,64015.13944436023,11350,20117.842796248657,9778.807225531054
2012-10-25,105256.10366842846,64015.13944436023,11350,20117.842796248657,9773.121427819566
2012-10-26,105679.12578207467,64201.79603891331,11350,20293.15959833831,9834.170144823056
2012-10-31,104689.06617891636,63808.82255797434,11350,19965.247773991563,9564.995846950453
2012-11-01,108350.17008921524,65462.66381273769,11500,21149.754846958796,10237.751429518774
2012-11-02,106558.43912424806,64766.988051048305,11500,20516.651120377333,9774.79995282243
2012-11-05,107635.3181045002,65194.32924192988,11500,20925.72303934635,10015.26582322396
2012-11-06,107900.15465617474,65313.58989364607,11500,21029.634654937203,10056.930107591477
2012-11-07,104239.19021544137,63773.17203339018,11500,19795.90576152838,9170.112420522804
2012-11-08,101918.00130098441,62769.41952364267,11500,19049.197784642296,8599.38399269946
2012-11-09,102493.27183040444,63037.75030334324,11500,19214.790348679522,8740.731178381691
2012-11-12,102395.74501616618,63027.81002014659,11500,19237.511200257086,8630.423795762505
2012-11-13,101371.8166702013,62590.53233717563,11500,18903.11593132127,8378.168401704404
2012-11-14,99663.51684224013,61855.11060712868,11500,18364.169841078226,7944.236394033229
2012-11-15,99201.39437700306,61646.40636217897,11500,18234.29566979419,7820.692345029893
2012-11-16,99769.94367708966,61914.73714187953,11500,18396.646511427636,7958.56002378249
2012-11-19,103132.7250673451,63385.58439308068,11500,19445.272162665253,8801.868511599187
2012-11-20,103122.5445598625,63405.46116836671,11500,19448.545466244665,8768.537925251116
2012-11-21,103428.1875027325,63534.658312172294,11500,19558.90892763752,8834.620262922692
2012-11-23,105661.80827249977,64498.661062454994,11500,20279.654335778763,9383.492874266016
2012-11-26,106304.10178649308,64776.92833424495,11500,20490.689530546497,9536.483921701623
2012-11-27,105725.04786617441,64558.28759720584,11500,20302.37611561173,9364.38415335685
2012-11-28,107054.40059605546,65114.82214078575,11500,20743.92470492927,9695.653750340445
2012-11-29,107896.50998932686,65502.41736330975,11500,21036.118136598343,9857.974489418779
2012-11-30,107650.5060623548,65393.0969947902,11500,20974.438099479485,9782.970968085141
2012-12-03,108760.59941498414,66013.89605987737,11650,21370.036282528068,9726.667072578704
2012-12-04,108576.85649557729,65973.68566923401,11650,21259.64123988642,9693.529586456863
2012-12-05,106869.72317834725,65239.86713069921,11650,20736.93441366714,9242.921633980895
2012-12-06,107844.1187227281,65662.06472843276,11650,21038.882735852174,9493.171258443179
2012-12-07,106921.30456243103,65270.023006344774,11650,20753.1727488414,9248.108807244858
2012-12-10,107361.26107508385,65461.02044456378,11650,20899.252745191145,9350.987885328928
2012-12-11,109372.20135437111,66315.47015502866,11650,21538.83903457379,9867.89216476867
2012-12-12,109003.98122913664,66174.7376224508,11650,21421.96117509504,9757.282431590796
2012-12-13,107757.54307399249,65652.01021343496,11650,21035.611532719908,9419.921327837628
2012-12-14,106267.8208402934,65028.76833183244,11650,20561.618035774613,9027.434472686356
2012-12-17,108277.28755356712,65893.27255729512,11650,21194.719896613275,9539.295099658739
2012-12-18,110710.51292585806,66898.50931533563,11650,21977.146957853984,10184.856652668444
2012-12-19,109976.54341703039,66606.98973518214,11650,21723.911973515762,9995.6417083325
2012-12-20,109976.17158424311,66606.98973518214,11650,21736.877045727353,9982.304803333627
2012-12-21,107653.47970062631,65541.43355650267,11650,21194.719925806083,9267.326218317561
2012-12-24,107266.72302067303,65410.755538922625,11650,21051.85007698334,9154.117404767074
2012-12-26,105936.45707781115,64837.77089361344,11650,20655.774771146214,8792.911413051512
2012-12-27,105673.81932615547,64737.248751678955,11650,20564.859786014244,8721.710788462275
2012-12-28,104205.33888390564,64113.99920072861,11650,20094.107829926892,8347.23185325016
2012-12-31,107425.63372464603,65471.06729021375,11650,21123.285004911722,9181.281429520568
2013-01-02,113949.66305817897,68301.90707258371,11800,23171.377617757047,10676.378367838213
2013-01-03,113091.3455340694,67946.1695079916,11800,22905.177411782654,10439.998614295157
2013-01-04,112512.5633912551,67722.56082324874,11800,22726.618887363948,10263.38368064241
2013-01-07,112548.25147145188,67742.89311522391,11800,22746.09894486736,10259.259411360601
2013-01-08,112216.8868905898,67610.75648087733,11800,22642.18734688401,10163.94306282846
2013-01-09,112812.63126207331,67864.8558490856,11800,22824.01731716048,10323.758095827232
2013-01-10,113799.13636292938,68271.41638911828,11800,23142.174250991262,10585.54572281984
2013-01-11,114010.0944688443,68362.89619401188,11800,23210.337732768417,10636.860542064012
2013-01-14,113253.45536824291,68057.97385036302,11800,22973.34089355991,10422.14062431997
2013-01-15,112425.90983741346,67722.56082324874,11800,22703.89597464163,10199.453039523098
2013-01-16,113074.63720614403,67996.99248343219,11800,22905.20455483049,10372.44016788136
2013-01-17,113882.68225025837,68322.23936455887,11800,23184.397435441493,10576.045450257998
2013-01-18,113508.56572858786,68169.77819273445,11800,23080.5367557675,10458.2507800859
2013-01-22,113744.33832633581,68281.58253510587,11800,23155.22523815114,10507.530553078801
2013-01-23,114732.0653211113,68698.30146662882,11800,23453.90231966605,10779.86153481641
2013-01-24,112432.64453815912,67753.05926121149,11800,22710.44040758234,10169.144869365293
2013-01-25,113265.79913516612,68098.63067981602,11800,22976.640610024042,10390.527845326054
2013-01-28,113620.7057285158,68251.09185164045,11800,23106.513992927044,10463.099883948295
2013-01-29,113630.91045083277,68261.25799762802,11800,23106.514004440338,10463.138448764405
2013-01-30,113288.97823709855,68118.95521729386,11800,23005.875715503116,10364.147304301574
2013-01-31,112914.86180334902,67966.50179996676,11800,22888.997229840177,10259.362773542085
2013-02-01,116345.8170015087,69519.45673404456,11950,23963.111117133958,10913.249150330174
2013-02-04,113403.81297588936,68307.02729683237,11950,23011.882039177242,10134.903639879747
2013-02-05,115848.38623940441,69313.95556896832,11950,23791.065762107257,10793.364908328833
2013-02-06,115285.33922658395,69087.9082069184,11950,23618.990682348263,10628.4403373173
2013-02-07,115426.9152049172,69149.56247597522,11950,23664.432384292897,10662.92034464908
2013-02-08,117159.38514120686,69858.51993805156,11950,24222.859460910397,11128.005742244904
2013-02-11,117168.84173485303,69879.07397409313,11950,24216.344435003048,11123.423325756852
2013-02-12,116463.99795635065,69591.38018205429,11950,23995.585930968802,10927.03184332757
2013-02-13,117081.24154198881,69837.97374107788,11950,24213.104570394426,11080.163230516515
2013-02-14,116996.76273919902,69817.4197050363,11950,24174.1444553876,11055.198578775124
2013-02-15,116488.98753822473,69611.92637902795,11950,24011.824266143063,10915.236893053721
2013-02-19,117711.06444613909,70115.39051509593,11950,24420.89618511208,11224.777745931078
2013-02-20,115052.38043675166,69036.53879495026,11950,23547.566733080836,10518.274908720554
2013-02-21,113246.55346102155,68296.75027881158,11950,22953.45836631567,10046.344815894312
2013-02-22,114897.63235678553,68985.16154391422,11950,23472.89324774547,10489.577565125841
2013-02-25,112814.72747580847,68132.34934675058,11950,22794.348558781312,9938.029570276589
2013-02-26,113438.1715534681,68389.21992379495,11950,23005.38192637363,10093.569703299527
2013-02-27,115126.12534638803,69087.9082069184,11950,23544.32888262283,10543.888256846805
2013-02-28,114815.9196264747,68944.06131089898,11950,23476.135731418857,10445.72258415688
2013-03-01,116966.33050715842,69981.75510293782,12100,24144.44730079519,10740.128103425413
2013-03-04,117698.4763988003,70293.34223493616,12100,24381.444163688455,10923.69000017567
2013-03-05,120236.71940323964,71331.95544294409,12100,25199.587955683586,11605.176004611965
2013-03-06,119816.11115518383,71155.39309934033,12100,25076.227917269458,11484.490138574032
2013-03-07,120281.1801773146,71342.34379374135,12100,25245.061280278373,11593.775103294874
2013-03-08,120428.72464160998,71425.42682814965,12100,25267.7830679301,11635.51474553023
2013-03-11,120955.15322839773,71633.15422414518,12100,25469.06151685246,11752.937487400088
2013-03-12,120271.70638723482,71373.5009221432,12100,25228.82295539645,11569.382509695179
2013-03-13,120048.70008562985,71280.02161294773,12100,25167.142918282105,11501.535554400023
2013-03-14,120638.30382625377,71518.90613734513,12100,25365.181500204715,11654.216188703924
2013-03-15,119822.56902335121,71155.39309934033,12100,25180.109807599136,11387.066116411754
2013-03-18,119414.90160705765,70999.59953334116,12100,25046.992985124925,11268.309088591564
2013-03-19,119108.00081518684,70864.5826689365,12100,24969.074612831806,11174.343533418534
2013-03-20,120298.22661166915,71363.11257134595,12100,25335.946552185378,11499.16748813782
2013-03-21,118332.42327537591,70552.99553693815,12100,24709.355993790734,10970.071744647015
2013-03-22,119989.55025845366,71238.47613374861,12100,25232.064677730545,11419.009446974509
2013-03-25,119346.3844487506,70978.82283174664,12100,25034.027953528857,11233.533663475095
2013-03-26,120274.6957726927,71363.11257134595,12100,25329.46330244764,11482.119898899118
2013-03-27,120528.35426562776,71456.59188054143,12100,25433.344368225295,11538.418016861038
2013-03-28,120908.92919337285,71633.15422414518,12100,25546.98279587043,11628.792173357248
2013-04-01,121197.12613899921,71895.00474854307,12250,25643.87811615204,11408.243274304119
2013-04-02,122579.57822748325,72461.7692505293,12250,26082.184861229398,11785.624115724551
2013-04-03,120950.32369442494,71800.54800197376,12250,25556.23491485324,11343.540777597933
2013-04-04,120988.91148572278,71821.53572092579,12250,25565.96010274551,11351.415662051488
2013-04-05,119512.75443050193,71223.2856367498,12250,25091.96642440732,10947.502369344795
2013-04-08,120413.64757250485,71601.12863807395,12250,25380.918133752282,11181.600800678636
2013-04-09,121576.3460334974,72083.92624920515,12250,25757.513382372097,11484.906401920154
2013-04-10,125098.64109815822,73490.33563717123,12250,26900.329179563098,12457.976281423887
2013-04-11,124999.5261328549,73458.85005498146,12250,26864.610787248545,12426.065290624894
2013-04-12,124861.73039524574,73406.37675383965,12250,26841.88900751527,12363.464633890822
2013-04-15,121194.83209940666,71957.97591292261,12250,25588.711606191075,11398.144580292961
2013-04-16,123597.94736478596,72913.08127947072,12250,26397.10055361304,12037.765531702196
2013-04-17,120044.68320514774,71485.67616502916,12250,25218.59980222889,11090.407237889682
2013-04-18,117593.34849675285,70499.08521629128,12250,24397.182660712664,10447.08061974892
2013-04-19,119917.457238983,71464.68043855368,12250,25150.404739202684,11052.372061226628
2013-04-22,121711.51418938831,72199.37872224994,12250,25731.551737932205,11530.583729206173
2013-04-23,123435.94521697554,72892.08555299524,12250,26306.183710754376,11987.675953225922
2013-04-24,123327.99422090832,72860.59997080547,12250,26257.500286480637,11959.893963622228
2013-04-25,124294.35942805596,73248.94083536735,12250,26582.172246218768,12213.246346469849
2013-04-26,123726.72448614046,73018.03588927777,12250,26410.09716645826,12048.591430404427
2013-04-29,125330.86350552196,73689.75500107104,12250,26945.77088199414,12445.337622456776
2013-04-30,126687.1910471531,74225.03392086748,12250,27400.202461578498,12811.954664707113
2013-05-01,127324.5931314959,74628.67650173312,12400,27610.860860422694,12685.055769340097
2013-05-02,129714.00365358057,75572.26901647578,12400,28367.041321902263,13374.693315202525
2013-05-03,132024.77512212822,76462.85553271769,12400,29122.933133778737,14038.986455631788
2013-05-06,132814.09091832588,76759.71500852697,12400,29412.41799618614,14241.957913612761
2013-05-07,132667.8056715087,76717.30535643792,12400,29357.432453882706,14193.067861188045
2013-05-08,133609.37510057777,77088.37970119952,12400,29711.26892854923,14409.726470829022
2013-05-09,133336.0212759985,76982.35961538393,12400,29630.184485907506,14323.477174707052
2013-05-10,134540.2767130563,77448.8576995494,12400,30019.733030670726,14671.68598283615
2013-05-13,134779.0484965892,77544.27335013922,12400,30110.800674551807,14723.974471898173
2013-05-14,135828.82321425917,77947.15291176409,12400,30454.933044294718,15026.737258200372
2013-05-15,136278.9894652282,78106.18708489451,12400,30630.264285855526,15142.538094478165
2013-05-16,136026.89883121327,78021.3677807164,12400,30542.63658610347,15062.894464393383
2013-05-17,138031.85637179294,78774.12899427944,12400,31214.628049042207,15643.099328471291
2013-05-20,137691.19889583313,78657.50447323808,12400,31104.34258962672,15529.351832968337
2013-05-21,137886.94766516887,78742.31568860212,12400,31195.26754540343,15549.364431163329
2013-05-22,136052.21002230688,78053.18108639374,12400,30597.88542675897,15001.14350915419
2013-05-23,135407.04147349542,77872.93804281177,12400,30338.16694307276,14795.936487610874
2013-05-24,135312.47950994698,77830.53647953678,12400,30325.170340157823,14756.772690252361
2013-05-28,136679.6307768471,78339.43612697723,12400,30812.16063192016,15128.034017949718
2013-05-29,135649.19370756115,77968.36178221564,12400,30448.530414895737,14832.301510449766
2013-05-30,136764.61704989235,78381.8457790663,12400,30834.882411752726,15147.888859073324
2013-05-31,134787.67711198822,77660.89787118058,12400,30146.611816239223,14580.167424568423
2013-06-03,136642.12923498734,78548.72317385944,12550,30762.970361042586,14780.43570008531
2013-06-04,135541.41873825793,78141.95974809269,12550,30410.319182864223,14439.139807301024
2013-06-05,132730.66889801892,77125.04710027965,12550,29521.36603366031,13534.25576407895
2013-06-06,133669.10177956015,77499.69869859013,12550,29794.021788030306,13825.381292939706
2013-06-07,136552.59793714355,78559.42983860898,12550,30737.776003731855,14705.39209480272
2013-06-10,136540.39362815567,78591.54166606526,12550,30748.162085850017,14650.689876240389
2013-06-11,134437.18586830082,77810.12664198804,12550,30066.859888934592,14010.199337378197
2013-06-12,132018.95460515743,76910.95463925057,12550,29274.849269195132,13283.15069671172
2013-06-13,134545.95145127602,77885.05696165013,12550,30066.8900703012,14044.00441932469
2013-06-14,133193.4606289865,77371.24322197268,12550,29664.42518238741,13607.792224626424
2013-06-17,135158.45756466727,78120.55458538595,12550,30287.77101842588,14200.131960855444
2013-06-18,136876.38819987702,78762.81563488852,12550,30833.136156714565,14730.436408273932
2013-06-19,134528.28600277848,77885.05696165013,12550,30089.784158582406,14003.444882545942
2013-06-20,129562.57778969887,76033.1959660122,12550,28401.59676086781,12577.785062818873
2013-06-21,128111.93014043086,75390.93491650962,12550,28102.889256407532,12068.105967513704
2013-06-24,126135.20413133666,74641.63171988868,12550,27456.820710858225,11486.75170058975
2013-06-25,127440.51957961712,75187.54912023008,12550,27888.614409628066,11814.356049758979
2013-06-26,129191.43688757127,75861.93016398126,12550,28453.523072261713,12325.983651328299
2013-06-27,129944.29433029743,76183.05660533637,12550,28690.519912820586,12520.717812140467
2013-06-28,130182.59601552782,76290.09875245475,12550,28748.95822830833,12593.539034764739
2013-07-01,132966.8279927938,77511.0939999264,12700,29689.986875210227,13065.747117657183
2013-07-02,133010.8529284586,77543.51957839033,12700,29699.7417657262,13067.591584342073
2013-07-03,133751.13566502233,77856.98058118613,12700,29998.418642053566,13195.736441782645
2013-07-05,135293.50201477695,78451.47700831378,12700,30491.892377974,13650.132628489173
2013-07-08,135475.37386543988,78527.13944025853,12700,30566.56902793797,13681.665397243383
2013-07-09,136739.86265814758,79002.72833537406,12700,30983.90979741893,14053.224525354575
2013-07-10,137925.62038409084,79456.71117362908,12700,31376.974590185284,14391.934620276468
2013-07-11,142266.942864135,81034.81921603833,12700,32832.64386027283,15699.47978782384
2013-07-12,143160.04561214754,81391.51707231492,12700,33092.57600856722,15975.95253126539
2013-07-15,143682.31095121457,81575.26751466835,12700,33303.61462939933,16103.428807146911
2013-07-16,143373.20914817828,81467.17950425966,12700,33208.36024211662,15997.669401802019
2013-07-17,143907.81958839996,81672.5442500602,12700,33394.29955324765,16140.975785092103
2013-07-18,143341.1515303736,81467.17950425966,12700,33210.09690697044,15963.875119143517
2013-07-19,141035.8764802896,80624.0732312641,12700,32437.03415098583,15274.76909803967
2013-07-22,141610.52783812844,80861.87180211516,12700,32616.175071353868,15432.48096465943
2013-07-23,139964.81146669397,80267.3836215741,12700,32061.407285339155,14936.020559780718
2013-07-24,140640.11535545628,80526.79649587226,12700,32291.891051432664,15121.42780815134
2013-07-25,141989.27656251774,81034.81921603833,12700,32736.61277250397,15517.844573975433
2013-07-26,143182.57548377133,81467.17950425966,12700,33152.122128305266,15863.273851206419
2013-07-29,142764.04598508572,81315.85464037018,12700,33035.48918509679,15712.70215961876
2013-07-30,143913.30114939625,81748.20668200492,12700,33412.08122040472,16053.0132469866
2013-07-31,144346.52442381237,81899.53154589441,12700,33574.41648750322,16172.576390414733
2013-08-01,148160.81135509978,83481.82654387312,12850,34843.31572648505,16985.66908474161
2013-08-02,149520.58896986174,83950.82589664441,12850,35288.10408149904,17431.658991718294
2013-08-05,149658.3768522238,84005.35567359497,12850,35346.60629539373,17456.414883235087
2013-08-06,148175.7536343566,83503.63679038423,12850,34862.85852572539,16959.25831824699
2013-08-07,147713.52014440234,83350.9401007699,12850,34710.2635080123,16802.316535620146
2013-08-08,148873.6084976278,83765.40967659066,12850,35064.13883452702,17194.059986510143
2013-08-09,147909.41462661175,83427.28844557707,12850,34775.18526746657,16856.940913568098
2013-08-12,148432.703208893,83623.61394955913,12850,34940.77690256878,17018.312356765106
2013-08-13,149779.9469449488,84092.61330233044,12850,35371.7034995545,17465.63014306386
2013-08-14,148859.37824760753,83776.31063917348,12850,35085.55210745249,17147.515500981564
2013-08-15,144749.5563481199,82358.41161827675,12850,33761.77469055556,15779.37003928758
2013-08-16,144589.22795996818,82325.69208783732,12850,33674.56979703582,15738.966075095026
2013-08-19,144189.2076870553,82183.89636080581,12850,33578.46552507888,15576.845801170615
2013-08-20,145224.96465154435,82543.82783833052,12850,33924.24588741836,15906.890925795471
2013-08-21,144410.7073304518,82260.24470561297,12850,33670.93843506824,15629.524189770591
2013-08-22,146697.44045289472,83067.36528939786,12850,34393.460357490796,16386.61480600608
2013-08-23,148326.7575895283,83623.61394955913,12850,34939.882175455954,16913.26146451322
2013-08-26,148413.08664482404,83667.24276392687,12850,34968.98812041746,16926.855760479717
2013-08-27,143381.41055046272,81954.8513263843,12850,33290.95217105386,15285.607053024552
2013-08-28,144309.33150332115,82271.15398954129,12850,33615.45300717962,15572.72450660024
2013-08-29,145951.0051595066,82849.22121755917,12850,34140.83280318406,16110.951138763377
2013-08-30,144417.70278207381,82314.78280390901,12850,33658.29790701614,15594.622071148677
2013-09-03,147212.06161355186,83533.7821566803,13000,34557.55842118446,16120.721035687095
2013-09-04,149752.8630999469,84425.24669221057,13000,35401.44828946946,16926.168118266887
2013-09-05,150136.2135976409,84568.31865571087,13000,35518.48275069474,17049.412191235293
2013-09-06,150415.6696638774,84667.37493562243,13000,35616.03710269778,17132.25762555719
2013-09-09,153263.3436480334,85657.89575106424,13000,36564.08409899973,18041.363797969414
2013-09-10,154479.59051235986,86076.11191903533,13000,36986.1745775164,18417.304015808113
2013-09-11,154006.64460667287,85911.02371700591,13000,36843.3548303574,18252.266059309553
2013-09-12,153764.26167768636,85855.9999141526,13000,36716.72369228878,18191.538071244962
2013-09-13,153953.49728265352,85911.02371700591,13000,36807.63867765465,18234.83488799296
2013-09-16,153241.0174220554,85679.90359285861,13000,36570.64183844614,17990.471990750637
2013-09-17,154866.38401133858,86252.20824032933,13000,37090.60204306722,18523.573727942006
2013-09-18,157812.9037662688,87286.74473935988,13000,38019.22313696653,19506.93588994241
2013-09-19,158468.0698013907,87495.8570217128,13000,38271.519453459216,19700.693326218687
2013-09-20,157081.632271994,86934.56049350665,13000,37997.015726113794,19150.056052373555
2013-09-23,156587.0353193252,86758.47256894741,13000,37873.71174478159,18954.85100559619
2013-09-24,156592.35744471196,86758.47256894741,13000,37887.746049586945,18946.13882617759
2013-09-25,155752.42479922046,86461.3121259475,13000,37638.05923406697,18653.05343920598
2013-09-26,157680.19863379002,87132.66465659502,13000,38258.86400818764,19288.669969007376
2013-09-27,157336.51600836456,87022.60865415365,13000,38140.0288161397,19173.878538071214
2013-09-30,156750.0831783833,86813.49637180072,13000,37989.96763205677,18946.6191745258
2013-10-01,160793.57480998995,88443.96118480116,13150,39290.59650831689,19909.017116871906
2013-10-02,160676.28052090862,88410.66285571529,13150,39251.83529482744,19863.782370365898
2013-10-03,157586.45281531406,87378.37231131531,13150,38271.05755792439,18787.022946074387
2013-10-04,159826.85425407984,88133.1654886029,13150,38989.585566643196,19554.103198833724
2013-10-07,157612.86422799338,87400.56837452337,13150,38294.683362416734,18767.612491053256
2013-10-08,152586.18943167868,85713.38810864101,13150,36662.53844602834,17060.262877009347
2013-10-09,151745.72977215474,85446.99300740643,13150,36361.33105030404,16787.40571444427
2013-10-10,157072.5934718029,87256.27279230206,13150,38077.77703005348,18588.543649447347
2013-10-11,159101.99931790246,87944.4693114179,13150,38722.59819665249,19284.931809832073
2013-10-14,160952.74380821336,88566.06070381442,13150,39336.87176401578,19899.811340383156
2013-10-15,159921.97499297143,88221.96667853028,13150,39019.57491024335,19530.433404197796
2013-10-16,162971.35366872075,89220.9504252968,13150,40032.57876351623,20567.82447990773
2013-10-17,164511.777835968,89731.54456455789,13150,40530.213097634914,21100.020173775196
2013-10-18,169005.16408340412,91185.63652683914,13150,42009.57324744798,22659.95430911698
2013-10-21,169649.56797256292,91385.43496990195,13150,42266.99859592268,22847.134406738267
2013-10-22,170001.66699375983,91518.62828624545,13150,42350.29734075744,22982.741366756938
2013-10-23,168567.06560078057,90963.63355202068,13150,42087.912085724296,22365.519963035586
2013-10-24,169638.32024532795,91363.23043814632,13150,42333.659180144554,22791.43062703706
2013-10-25,171344.44508957872,92018.12862817629,13150,42674.60477993172,23501.711681470722
2013-10-28,171476.07588374693,92040.32469138435,13150,42790.79795335002,23494.953239012575
2013-10-29,171892.14763790296,92195.72253948347,13150,42889.82062737622,23656.604471043276
2013-10-30,171691.2285269946,92106.92981810367,13150,42886.51127554392,23547.78743334699
2013-10-31,171170.60668818324,91896.02910916304,13150,42820.440248463034,23304.137330557158
2013-11-01,172729.39839515823,92668.22517237108,13300,43322.98309409241,23438.190128694765
2013-11-04,173161.87383618107,92802.5138074323,13300,43500.299545332695,23559.060483416084
2013-11-05,173465.5155603807,92903.22388049366,13300,43596.719607598534,23665.572072288527
2013-11-06,173414.2268339067,92880.84671013983,13300,43606.78223345399,23626.59789031288
2013-11-07,168551.52113534478,91135.13714257431,13300,42534.295848325026,21582.08814444544
2013-11-08,171972.11431032253,92366.08641554092,13300,43310.4079086766,22995.619986105008
2013-11-11,171657.12552591754,92220.61346412582,13300,43348.76060874014,22787.751453051565
2013-11-12,172093.8212078052,92366.08641554092,13300,43482.28944397648,22945.445348287794
2013-11-13,175104.35004974678,93485.13276144622,13300,44061.99700711092,24257.220281189624
2013-11-14,175855.43535316916,93776.0872019225,13300,44186.18080662776,24593.16734461887
2013-11-15,176341.24731142583,93955.13017769139,13300,44290.202022514546,24795.91511121989
2013-11-18,174149.7053166394,93037.51251555489,13300,44150.5462930267,23661.64650805782
2013-11-19,173480.51925511562,92768.94378307852,13300,44080.269540698035,23331.305931339077
2013-11-20,172947.46415555818,92545.12939130982,13300,44047.291465910785,23055.043298337587
2013-11-21,175430.91533958275,93485.13276144622,13300,44488.92889226608,24156.853685870436
2013-11-22,176627.15385287025,93988.70020204518,13300,44589.83892765183,24748.614723173236
2013-11-25,177092.73624821668,94212.51459381387,13300,44599.05876632902,24981.162888073788
2013-11-26,178170.3992654774,94704.88918041288,13300,44599.05876632902,25566.451318735522
2013-11-27,179626.88402024744,95365.13096407297,13300,44599.05876632902,26362.694289845447
2013-11-29,180878.08388231098,95935.84699102557,13300,44599.05876632902,27043.17812495642
2013-12-02,181714.280637382,96406.08540454925,13450,45079.05876632902,26779.13646650374
2013-12-03,181516.9033604304,96327.13832578818,13450,45079.05876632902,26660.7062683132
2013-12-04,181710.74833261385,96417.35741252494,13450,45079.05876632902,26764.332153759904
2013-12-05,181409.0579786957,96293.29648810237,13450,45079.05876632902,26586.702724264316
2013-12-06,183015.79135181702,96992.54818897627,13450,45079.05876632902,27494.18439651173
2013-12-09,183891.61639969275,97387.2835827816,13450,45079.05876632902,27975.27405058211
2013-12-10,183718.79034315242,97319.61711658246,13450,45079.05876632902,27870.11446024093
2013-12-11,180799.36073137587,96067.73586438112,13450,45079.05876632902,26202.566100665725
2013-12-12,180213.1262539664,95819.61401553598,13450,45079.05876632902,25864.453472101384
2013-12-13,179913.121321729,95695.55309111341,13450,45079.05876632902,25688.509464286588
2013-12-16,181089.37060137605,96225.63002190324,13450,45079.05876632902,26334.681813143776
2013-12-17,180632.11869868456,96033.90263128154,13450,45079.05876632902,26069.15730107402
2013-12-18,183205.37833490933,97150.4423464984,13450,45079.05876632902,27525.87722208191
2013-12-19,182560.4368115416,96879.76787711564,13450,45079.05876632902,27151.610168096922
2013-12-20,184123.8085593704,97556.45835286567,13450,45079.05876632902,28038.29144017574
2013-12-23,186492.08948477867,98582.77898134576,13450,45079.05876632902,29380.251737103874
2013-12-24,186583.79860232922,98627.88422242102,13450,45079.05876632902,29426.855613579144
2013-12-26,187328.06456749182,98954.95315002723,13450,45079.05876632902,29844.052651135557
2013-12-27,186725.8459657029,98706.83130118209,13450,45079.05876632902,29489.955898191776
2013-12-30,186334.73676302127,98560.2177562219,13450,45079.05876632902,29245.46024047035
2013-12-31,187842.46571574293,99203.07499887235,13450,45079.05876632902,30110.331950541553
2014-01-02,187470.57507251203,99174.87621923738,13600,45559.05876632902,29136.640086945627
2014-01-03,185766.33077223905,98458.93830208897,13600,45559.05876632902,28148.333703821067
2014-01-06,184866.4761851865,98095.28605795992,13600,45559.05876632902,27612.13136089755
2014-01-07,186989.88773049312,99004.42100335924,13600,45559.05876632902,28826.407960804852
2014-01-08,187485.11987708116,99220.33383352269,13600,45559.05876632902,29105.727277229456
2014-01-09,186690.3907979153,98890.77263256928,13600,45559.05876632902,28640.559399017
2014-01-10,187427.15523236967,99208.97593256642,13600,45559.05876632902,29059.12053347424
2014-01-13,183933.90026647202,97743.00038494055,13600,45559.05876632902,27031.841115202464
2014-01-14,188691.91903226555,99606.7192198711,13600,45942.439571071314,29542.760241323154
2014-01-15,190726.24540499764,100424.93893669981,13600,46040.31681107516,30660.989657222668
2014-01-16,190762.75229294092,100436.29683765607,13600,46065.153508593176,30661.30194669168
2014-01-17,189340.61961853135,99868.08966431985,13600,46015.82822255992,29856.701731651578
2014-01-21,191201.74277275946,100629.49386590699,13600,46118.774760929206,30853.47414592327
2014-01-22,191833.41540454526,100890.86431035574,13600,46138.24847019107,31204.30262399842
2014-01-23,190988.61850313377,100549.94520844605,13600,46127.53625857969,30711.137036108048
2014-01-24,166032.4324378567,98572.57800272554,13600,25885.010576432967,27974.843858698216
2014-01-27,163005.9388226398,97617.9941131943,13600,25141.458975569098,26646.485733876394
2014-01-28,162845.59338950444,97561.16992779932,13600,25129.200236324457,26555.223225380683
2014-01-29,159633.71752061363,96515.67080969748,13600,24354.800013927703,25163.246696988426
2014-01-30,165011.00014485288,98299.8409871671,13600,25598.62067557661,27512.538482109183
2014-01-31,164204.26152917955,98038.46187256493,13600,25420.305705142076,27145.493951472537
2014-02-03,158802.17221747263,96538.36632143939,13750,24249.823072582174,24263.982823451082
2014-02-04,160797.49659136706,97248.46303065425,13750,24697.41140777816,25101.622152934648
2014-02-05,160007.95143117322,96996.49294873806,13750,24476.52186505286,24784.93661738232
2014-02-06,163622.4912786694,98233.42348299426,13750,25366.931056284782,26272.13673939036
2014-02-07,168819.61803788508,99985.75848776457,13750,26649.07084236314,28434.788707757358
2014-02-10,170532.38864137852,100558.41458737825,13750,27106.202918810654,29117.771135189603
2014-02-11,174013.4241527966,101703.72678660562,13750,27992.36155408645,30567.335812104524
2014-02-12,174569.63780428038,101898.42776334501,13750,28116.35434220986,30804.855698725485
2014-02-13,176981.95705739822,102654.32927105499,13750,28806.63838469481,31770.98940164844
2014-02-14,177520.68248131857,102860.48581643745,13750,28883.808500994615,32026.388163886488
2014-02-18,179061.71813089005,103364.42598026985,13750,29314.36814029467,32632.924010325514
2014-02-19,176792.84224527146,102654.32927105499,13750,28697.03514476897,31691.47782944751
2014-02-20,178288.90715990606,103135.36703563984,13750,29097.28552340266,32306.25460086356
2014-02-21,177813.67134688384,102997.92642603864,13750,28952.524795884503,32113.2201249607
2014-02-24,179534.33752246658,103547.68012640478,13750,29442.201171710396,32794.45622435139
2014-02-25,179153.8254463571,103433.14191605114,13750,29340.023478815223,32630.660051490722
2014-02-26,178834.97550643858,103341.52358102231,13750,29246.340245495438,32497.11167992085
2014-02-27,179931.93369132606,103582.03809429542,13750,29799.87377299419,32800.02182403646
2014-02-28,179508.72977510677,103467.49988394178,13750,29655.097677350328,32636.13221381464
2014-03-03,178571.08120586202,103450.14280758871,13900,29509.1975274086,31711.740870864724
2014-03-04,182879.84455788706,104765.33297228014,13900,30633.268826111667,33581.24275949523
2014-03-05,183808.5503853314,105053.75202246424,13900,30871.716253109582,33983.0821097576
2014-03-06,183454.814258442,104961.464615812,13900,30761.006306337953,33832.34333629204
2014-03-07,181750.62304510467,104442.30504437009,13900,30343.750088289817,33064.567912444756
2014-03-10,181985.5862931392,104534.60125287321,13900,30403.346128591074,33147.6389116749
2014-03-11,180513.93328906837,104084.66823873408,13900,30045.68535605025,32483.57969428403
2014-03-12,181772.93584331684,104476.91392209604,13900,30365.024553274012,33030.99736794679
2014-03-13,176950.94927869123,103000.20979344958,13900,29143.034153974666,30907.705331266974
2014-03-14,174677.2951624429,102296.46660685231,13900,28576.725537784794,29904.10301780578
2014-03-17,177510.27313318744,103196.33263513056,13900,29296.31804051761,31117.62245753924
2014-03-18,181515.68010586296,104442.30504437009,13900,30292.654775760166,32880.720285732714
2014-03-19,179649.2693878543,103877.0061705275,13900,29820.03412862324,32052.229088703552
2014-03-20,180555.624081673,104165.42522071161,13900,30041.436336452265,32448.762524509144
2014-03-21,175894.35245316155,102677.18186553953,13900,28998.25318031774,30318.917407304285
2014-03-24,173001.02575141267,101777.3158372613,13900,28308.481781793256,29015.228132358123
2014-03-25,174029.3980933868,102111.88299169696,13900,28555.458177629152,29462.056924060675
2014-03-26,169864.1383845116,100796.69282700554,13900,27529.336913707357,27638.10864379871
2014-03-27,168058.65528541285,100231.38515131205,13900,27069.493915920117,26857.77621818069
2014-03-28,168667.91032996515,100427.51679484392,13900,27235.552235973042,27104.8412991482
2014-03-31,170814.32407269883,101142.79040611592,13900,27746.49558002136,28025.03808656154
2014-04-01,177957.88086908334,103669.45281147207,14050,29644.34148229841,30594.086575312846
2014-04-02,178795.82942987434,103936.73587842436,14050,29861.495830060237,30947.59772138976
2014-04-03,176161.3806156519,103111.65777799493,14050,29205.806873443333,29793.915964213633
2014-04-04,167581.630368555,100369.14040975441,14050,27051.329129038157,26111.160829762426
2014-04-07,164599.82408765145,99416.23243373811,14050,26301.959799548702,24831.631854364623
2014-04-08,167362.84831395998,100334.27046241892,14050,26978.959762738865,25999.618088802203
2014-04-09,172620.06338011567,102054.15769195654,14050,28256.31630721211,28259.58938094701
2014-04-10,162898.55051647453,98893.28961561207,14050,25837.842070765088,24117.41883009736
2014-04-11,159465.54224520363,97742.8296013223,14050,25007.558218490216,22665.154425391105
2014-04-14,161651.35980759223,98509.79998885142,14050,25522.77383065878,23568.785988082047
2014-04-15,162603.63931784255,98835.19076870398,14050,25756.947462377324,23961.501086761247
2014-04-16,166500.42464679855,100148.34173992394,14050,26676.645908894698,25625.436997979905
2014-04-17,166549.98793311536,100171.57950548874,14050,26689.419769139233,25638.988658487386
2014-04-21,168757.1955920381,100915.31212745306,14050,27247.205981530104,26544.67748305491
2014-04-22,171223.4807768244,101717.15246231768,14050,27864.588111407716,27591.740203098994
2014-04-23,168423.48140135058,100822.35219920168,14050,27162.040416276333,26389.088785872547
2014-04-24,171391.42057967326,101786.87462500428,14050,27902.90725576952,27651.63869889946
2014-04-25,166356.20623066305,100159.96505570244,14050,26655.34964485434,25490.89153010629
2014-04-28,167318.97871438868,100485.3469695628,14050,26919.34194440442,25864.289800421448
2014-04-29,169708.2925597824,101287.18730442743,14050,27468.533044713917,26902.572210641047
2014-04-30,170539.80346956558,101554.4615053875,14050,27694.23943112564,27241.102533052435
2014-05-01,172958.9226324053,102606.60565368306,14200,28404.224889533027,27748.092089189227
2014-05-02,172389.293306779,102419.29895230947,14200,28276.537499505255,27493.456854964268
2014-05-05,173937.82843348343,102957.79232184587,14200,28642.768277166655,28137.26783447089
2014-05-06,169880.39859360672,101623.26333402195,14200,27633.673954590788,26423.46130499397
2014-05-07,168979.43413138422,101330.60331158206,14200,27408.025621985875,26040.805197816295
2014-05-08,168668.11722737885,101236.95889217037,14200,27322.861509018927,25908.29682618957
2014-05-09,169786.51001591922,101611.56336364243,14200,27612.40442923744,26362.54222303933
2014-05-12,174772.47404999606,103285.57904924965,14200,28834.394409810582,28452.500590935844
2014-05-13,174973.59160213274,103355.81459662718,14200,28889.761302331524,28528.015703174027
2014-05-14,173333.445706519,102817.32122709078,14200,28498.030671441218,27818.093807987
2014-05-15,170879.65344953784,102009.57670714865,14200,27897.67392800515,26772.402814384062
2014-05-16,172854.1752736243,102676.8412010606,14200,28370.294574411513,27607.03949815222
2014-05-19,174995.69696119585,103390.93237031596,14200,28923.80984741202,28480.954743467842
2014-05-20,173832.01900396246,103016.3278988439,14200,28634.289318889383,27981.401786229162
2014-05-21,176813.42762365396,103999.6612872299,14200,29370.88521100533,29242.88112541874
2014-05-22,178186.1863447135,104456.21913900923,14200,29702.998268250154,29826.96893745411
2014-05-23,180548.77581873513,105217.12805233289,14200,30311.877485252982,30819.770281149245
2014-05-27,184604.34037082348,106528.24816812266,14200,31355.05820503183,32521.033997669012
2014-05-28,183545.04857694745,106200.470371994,14200,31082.54350168104,32062.034703272388
2014-05-29,185708.88771269095,106879.44376756059,14200,31661.625978114625,32967.817967015726
2014-05-30,185695.65593819556,106891.1437379401,14200,31636.078257630274,32968.433942625175
2014-06-02,186828.38636497455,107535.79041687379,14350,32043.686552618678,32898.90939548206
2014-06-03,186653.8348381649,107488.63485876078,14350,32002.02634590386,32813.17363350028
2014-06-04,187920.95888847715,107889.44361171674,14350,32308.436544488955,33373.078732271475
2014-06-05,190893.1219160672,108797.17236588676,14350,33069.175758918864,34676.77379126159
2014-06-06,192904.42463263246,109421.96777137874,14350,33553.77031884774,35578.686542405994
2014-06-09,192592.93123968865,109339.44779318174,14350,33500.479475691754,35403.003970815145
2014-06-10,193217.39388371192,109528.07002563377,14350,33675.25548015978,35664.06837791837
2014-06-11,193094.65716231277,109504.48774957572,14350,33628.943636577096,35611.225776159976
2014-06-12,189831.10024514614,108514.24801121178,14350,32829.56149099969,34137.29074293469
2014-06-13,190801.626366311,108832.53678597075,14350,33034.008509155625,34585.081071184606
2014-06-16,191091.407584628,108926.84790219677,14350,33144.98055384527,34669.57912858596
2014-06-17,191261.59940265387,108985.78560433572,14350,33187.61372143899,34738.20007687917
2014-06-18,193311.00017159362,109598.79886580174,14350,33736.85572213458,35625.34558365729
2014-06-19,192998.30431980168,109528.07002563377,14350,33617.691062275546,35502.543231892385
2014-06-20,192681.769443549,109363.0210752367,14350,33728.426242882466,35240.32212542983
2014-06-23,192720.28488629096,109386.60335129475,14350,33762.49548417803,35221.18605081817
2014-06-24,192354.2402502203,109280.50109703971,14350,33677.35322180401,35046.385931376564
2014-06-25,194621.54803444157,109976.03433670274,14350,34235.120157863596,36060.393539875244
2014-06-26,194835.56202076678,110034.97203884169,14350,34320.28354738975,36130.30643453534
2014-06-27,196335.26600292913,110518.30976399772,14350,34631.10039361849,36835.85584531292
2014-06-30,196987.7929619605,110706.93199644974,14350,34865.29598484425,37065.56498066653
2014-07-01,202595.02660353138,112671.1583873497,14500,36414.004934187564,39009.86328199411
2014-07-02,203198.51461816704,112861.03555060855,14500,36541.741100246254,39295.73796731224
2014-07-03,205681.67049358197,113573.0907578073,14500,37176.16803772529,40432.41169804941
2014-07-07,204369.74962911214,113228.93783350858,14500,36852.57738432357,39788.23441127999
2014-07-08,199630.78399622944,111864.16007138493,14500,35696.78292765009,37569.84099719441
2014-07-09,202499.25456263562,112694.88963740462,14500,36422.960210845544,38881.404714385455
2014-07-10,201241.3303744315,112338.86656094184,14500,36115.00136996648,38287.46244352321
2014-07-11,203680.97024932757,113062.78286603144,14500,36683.25391620891,39434.93346708723
2014-07-14,206031.88691013755,113739.23667101124,14500,37317.63486834858,40475.01537077772
2014-07-15,204626.6693255093,113347.6121923295,14500,36964.62265687345,39814.43447630637
2014-07-16,206172.5490922998,113798.5783775583,14500,37343.47650359869,40530.4942111428
2014-07-17,200850.37110319384,112291.39500655881,14500,35994.153313419054,38064.82278321595
2014-07-18,207039.51733996108,114071.53755169231,14500,37530.96623605457,40937.01355221419
2014-07-21,206477.0326124811,113929.12288854328,14500,37407.710961627155,40640.198762310654
2014-07-22,209047.49526693593,114653.04824790609,14500,38080.38913341272,41814.05788561713
2014-07-23,211635.4497942184,115388.84375943294,14500,38727.47763400898,43019.128400776484
2014-07-24,211142.35697181,115258.29924844798,14500,38604.1196657259,42779.9380576361
2014-07-25,209488.99563173758,114807.32400894597,14500,38174.170695685556,42007.500927106026
2014-07-28,209563.6958657304,114842.92541116494,14500,38216.7987772951,42003.971677270354
2014-07-29,208831.42739200022,114641.17809574204,14500,38042.22487116765,41648.02442509054
2014-07-30,210424.61216416763,115092.15333524403,14500,38455.230270310196,42377.22855861341
2014-07-31,202127.67062826338,112766.09244184253,14500,36326.316423984004,38535.261762436865
2014-08-01,202143.00618374968,113100.7276588327,14650,36427.35938266503,37964.91914225196
2014-08-04,204750.4785984789,113877.27405133459,14650,37091.585497078224,39131.61905006608
2014-08-05,201704.28045290295,113005.15075504764,14650,36316.64853329996,37732.481164555364
2014-08-06,201413.45380193883,112921.52324291453,14650,36261.30407225451,37580.6264867698
2014-08-07,200162.8602527185,112563.12352579342,14650,35950.487279094974,36999.2494478301
2014-08-08,202911.34832839714,113375.5089785359,14650,36631.73627381875,38254.103076042484
2014-08-11,205172.17187302452,114044.52907560082,14650,37223.57311957672,39254.06967784698
2014-08-12,204951.3729272266,113996.74062370829,14650,37147.322938929276,39157.309364589004
2014-08-13,209151.377953422,115203.3739685277,14650,38222.615227298345,41075.38875759594
2014-08-14,211226.0181228924,115800.71594511143,14650,38749.25391284928,42026.048264931684
2014-08-15,213157.76562840282,116362.21886145457,14650,39220.38965061595,42925.1571163323
2014-08-18,216322.39907158696,117258.23182633019,14650,40069.87361668801,44344.29362856875
2014-08-19,218672.22109849573,117915.30253174316,14650,40687.46314706741,45419.45541968516
2014-08-20,218653.71250063134,117915.30253174316,14650,40689.34222477268,45399.06774411553
2014-08-21,219481.16133800545,118154.24479120578,14650,40897.79803714607,45779.118509653585
2014-08-22,220086.2575902117,118333.44920712395,14650,41043.03806420865,46059.77031887911
2014-08-25,221562.9048006765,118751.58676778951,14650,41457.908668306496,46703.40936458053
2014-08-26,221992.46729126756,118871.05334016323,14650,41586.40923390762,46885.00471719672
2014-08-27,222042.32594548553,118894.94300875187,14650,41592.305998097414,46905.07693863626
2014-08-28,221517.2336132147,118763.53615944146,14650,41441.16226507703,46662.53518869621
2014-08-29,223125.2338340464,119205.56338869568,14650,41878.82950609073,47390.84093926
2014-09-02,225797.8667183633,120302.02282888007,14800,42677.025421247,48018.81846823623
2014-09-03,223085.06464105577,119592.74179434095,14800,42022.47030256617,46669.85254414861
2014-09-04,222631.05547165015,119484.54094133757,14800,41903.43010803604,46443.084422276515
2014-09-05,224903.5616277057,120085.63029476894,14800,42482.46242052337,47535.468912413366
2014-09-08,225672.80382255116,120314.04718407948,14800,42674.19477261295,47884.56186585873
2014-09-09,221863.02358073439,119316.23665612843,14800,41745.999019491035,46000.78790511492
2014-09-10,225522.0287563469,120302.02282888007,14800,42610.3310809767,47809.67484649015
2014-09-11,225189.69690375804,120205.84633107609,14800,42580.53190639828,47603.31866628368
2014-09-12,222807.2056991078,119592.74179434095,14800,41980.175093204714,46434.288811562146
2014-09-15,218322.32836301927,118438.64216448454,14800,40851.84829909893,44231.83789943579
2014-09-16,222192.54614902468,119472.51658613815,14800,41813.63717367888,46106.39238920763
2014-09-17,222862.7351921973,119652.8452265467,14800,41995.23144858535,46414.658517065254
2014-09-18,226204.6399699709,120554.47925669377,14800,42776.14292977383,48074.017783503325
2014-09-19,225066.3646729901,120193.83114777233,14800,42701.598483172376,47370.935042045414
2014-09-22,220799.3230209341,119075.80458351414,14800,41707.77289285337,45215.745544566606
2014-09-23,219535.9779613507,118751.21119639963,14800,41391.78858113743,44592.97818381363
2014-09-24,224318.83752957894,120025.51769066755,14800,42568.628568010914,46924.69127090047
2014-09-25,214750.76348800756,117500.9442406349,14800,40179.03205902079,42270.787188351846
2014-09-26,219376.3322491416,118751.21119639963,14800,41311.22444393945,44513.8966088025
2014-09-29,218738.62719139765,118594.93126638992,14800,41195.094119181034,44148.6018058267
2014-09-30,219326.49870808545,118763.23555159905,14800,41332.91665158985,44430.34650489652
2014-10-01,213712.0000106596,117613.79099350094,14950,40054.70245778358,41093.5065593751
2014-10-02,213673.40596217738,117613.79099350094,14950,40037.96905915493,41071.64590952148
2014-10-03,217771.0358946247,118775.28808987478,14950,41092.903733114836,42952.84407163509
2014-10-06,216786.98698415238,118521.21146542659,14950,40847.28319188495,42468.492326840824
2014-10-07,210831.23889696752,116839.45959591836,14950,39331.66207631259,39710.117224736576
2014-10-08,218783.81503182772,119114.05692247234,14950,41315.5296359357,43404.228473419666
2014-10-09,211878.50165951514,117190.32995275396,14950,39506.24281125854,40231.928895502635
2014-10-10,201713.99682770285,114262.3887787225,14950,36921.71916250591,35579.888886474444
2014-10-13,195638.9212174695,112471.74165258883,14950,35427.21165353302,32789.96791134767
2014-10-14,195702.5913769024,112483.84317682685,14950,35482.578041861,32786.17015821455
2014-10-15,193223.73158586223,111757.90864543799,14950,34831.12578769832,31684.69715272592
2014-10-16,191006.695680715,111056.1679317668,14950,34367.0056170796,30633.522131868605
2014-10-17,195761.48751688682,112520.13851878254,14950,35516.62623886356,32774.722759240714
2014-10-20,201250.6879136924,114201.89038829076,14950,36832.30460743109,35266.49291797056
2014-10-21,211412.8509727118,117202.43147699199,14950,39272.75182987995,39987.667665839894
2014-10-22,209298.755436395,116597.48449570821,14950,38759.529132424715,38991.74180826209
2014-10-23,215370.47590653965,118351.82704912781,14950,40251.56617747216,41817.08267993968
2014-10-24,218692.71295567628,119319.74591148521,14950,41027.583529490046,43395.38351470102
2014-10-27,219013.2517656646,119404.4381196346,14950,41188.36528525149,43470.44836077855
2014-10-28,225332.89387636178,121207.1775392479,14950,42691.215380471076,46484.5009566428
2014-10-29,223731.7316831565,120759.5134500249,14950,42319.60376772183,45702.614465409795
2014-10-30,224627.2172341985,121013.59007447308,14950,42552.01678501105,46111.6103747144
2014-10-31,230548.523986761,122683.24965050166,14950,43963.132413260406,48952.14192299893
2014-11-03,233406.63238219166,123796.2123008169,15100,44874.39941134317,49636.0206700316
2014-11-04,231844.0839837247,123382.34543660816,15100,44520.91825846431,48840.82028865224
2014-11-05,231870.54715576454,123394.520722915,15100,44538.98613465117,48837.04029819836
2014-11-06,233285.53703706735,123784.04630153243,15100,44867.109774227865,49534.38096130706
2014-11-07,232879.34369195095,123674.48729881564,15100,44800.74758410912,49304.108809026184
2014-11-10,234490.7671583551,124112.70473563806,15100,45235.59328806552,50042.46913465153
2014-11-11,235960.47271244612,124502.2303142555,15100,45611.61084200944,50746.63155618119
2014-11-12,236794.11056968776,124721.3390326667,15100,45839.98336158349,51132.78817543758
2014-11-13,238818.4308736622,125256.94018589906,15100,46341.9254295243,52119.565258238836
2014-11-14,240298.55240062685,125646.4657645165,15100,46717.86895117929,52834.21768493107
2014-11-17,238839.08560311433,125269.1154722059,15100,46432.712874086734,52037.257256821686
2014-11-18,242441.44347214123,126206.40820334016,15100,47334.84812271309,53800.187146087956
2014-11-19,240253.91925795624,125634.29047820966,15100,46840.346403725365,52679.282376021205
2014-11-20,242412.2714632382,126194.23291703334,15100,47393.87535607534,53724.16319012953
2014-11-21,243405.08024632893,126437.6922080582,15100,47701.59882464091,54165.78921362981
2014-11-24,247174.89181058676,127423.67679739745,15100,48655.84116555211,55995.3738476372
2014-11-25,247846.5591659947,127618.434943195,15100,48779.56190730712,56348.562315492556
2014-11-26,250812.24109338253,128446.17795863484,15100,49322.20299507886,57943.86013966879
2014-11-28,252967.16591097132,129042.646256379,15100,49755.880515027806,59068.639139564504
2014-12-01,249216.2854724942,128331.91837129685,15250,49394.74741787294,56239.61968332441
2014-12-02,251089.1454910221,128846.18371891207,15250,49728.74373412807,57264.21803798195
2014-12-03,252048.41787415152,129078.8180026065,15250,50006.13628258686,57713.46358895816
2014-12-04,251805.20610157543,129017.60238757821,15250,49980.500480850984,57557.10323314622
2014-12-05,251878.50542025105,129029.83990561377,15250,50046.43243686322,57552.23307777404
2014-12-08,248540.4770048852,128111.521605638,15250,49600.24059045805,55578.714808789126
2014-12-09,250069.6467635084,128515.58389961538,15250,49929.62189779943,56374.4409660936
2014-12-10,242422.00622314506,126495.28177134531,15250,48418.42229297719,52258.30215882258
2014-12-11,244739.28301270242,127095.2564532936,15250,48964.094135390835,53429.932424018
2014-12-12,239482.41555418467,125711.65090269533,15250,47877.51172348778,50643.252928001566
2014-12-15,234540.94456905956,124413.76402804696,15250,46860.15129505604,48017.02924595653
2014-12-16,226840.0752864886,122417.95561908167,15250,44983.562704886404,44188.55696252052
2014-12-17,235322.93855319323,124646.4076533582,15250,46932.558969459795,48493.97193037528
2014-12-18,246997.47798159838,127646.24369663233,15250,49474.800091233985,54626.43419373208
2014-12-19,247656.6179787675,127731.9530309654,15250,49912.049961466066,54762.61498633602
2014-12-22,249034.03460600332,128050.3059906097,15250,50435.67102926097,55298.057586132665
2014-12-23,247334.6285628276,127597.2655996396,15250,50176.988931353546,54310.37403183442
2014-12-24,247800.04944135508,127707.46865327745,15250,50339.97673547304,54502.60405260461
2014-12-26,251439.4813076433,128613.54009360082,15250,51273.39286779388,56302.5483462486
2014-12-29,251313.3437170449,128589.04637429606,15250,51318.421000166876,56155.87634258193
2014-12-30,248201.90399771818,127731.9530309654,15250,50813.4430660821,54406.50790067065
2014-12-31,243465.4514519333,126421.81929666463,15250,49999.467341684525,51794.164813584146
2015-01-02,243567.67378877263,126792.25072199204,15400,50305.925126795366,51069.49793998522
2015-01-05,236931.89662894615,124932.3656927814,15400,48930.074679482685,47669.45625668209
2015-01-06,230987.31732325195,123257.23907261342,15400,47587.07724659942,44743.0010040391
2015-01-07,236709.28191549474,124846.14635485524,15400,48883.23817237948,47579.89738826003
2015-01-08,245399.7208328939,127235.66714481315,15400,50692.67457754796,52071.37911053275
2015-01-09,242435.67261710516,126398.10383472915,15400,50121.3340230263,50516.2347593497
2015-01-12,237783.75372759596,125080.17429945612,15400,49211.61076290312,48091.96866523673
2015-01-13,237553.0514787858,125043.21509988516,15400,49223.07589446265,47886.76048443802
2015-01-14,234918.08609523432,124353.46039647589,15400,48682.40217715771,46482.223521600725
2015-01-15,229026.06444857086,122739.92304505645,15400,47220.93759940481,43665.2038041096
2015-01-16,234321.71608066378,124181.02172062357,15400,48502.51531858922,46238.179041450974
2015-01-20,237842.2593510829,125166.39363738228,15400,49372.64525453299,47903.22045916765
2015-01-21,240199.09552342317,125806.87880523331,15400,49967.72133188822,49024.49538630163
2015-01-22,248985.46958510068,128134.81032644266,15400,52014.53394121781,53436.12531744023
2015-01-23,250049.66117793374,128418.10780660178,15400,52297.19546719271,53934.35790413924
2015-01-26,249420.26516196906,128270.29919992706,15400,52354.34531741532,53395.62064462667
2015-01-27,237041.13698233842,124944.68542597172,15400,49170.33717712171,47526.11437924497
2015-01-28,234570.75833969683,124304.19086091765,15400,48498.463397032705,46368.10408174649
2015-01-29,238969.68499059574,125498.9512558966,15400,49609.77978424514,48460.95395045401
2015-01-30,235201.76135407336,124525.8990723282,15400,48702.86919478221,46572.99308696295
2015-02-02,240693.1755178487,126359.81006020341,15550,50196.23368308114,48587.13177456411
2015-02-03,244693.4585195128,127574.08805505923,15550,51082.39710224741,50486.973362206176
2015-02-04,244292.9716617036,127462.57678042068,15550,51032.53922779266,50247.85565349029
2015-02-05,248168.38410248054,128565.34350063797,15550,51848.11919359405,52204.9214082485
2015-02-06,245404.15047551558,127784.72676491813,15550,51319.74673146278,50749.67697913467
2015-02-09,243823.96588709997,127375.84263793098,15550,51061.15982547689,49836.96342369208
2015-02-10,250834.35664247384,129358.34407577597,15550,52489.82203620942,53436.190530488435
2015-02-11,252452.49896551212,129829.18521310398,15550,52849.141383160546,54224.172369247586
2015-02-12,257679.99507599315,131340.84551362094,15550,53776.93883023991,57012.21073213232
2015-02-13,261494.11649819434,132468.3988192996,15550,54391.06430180319,59084.653377091585
2015-02-17,262032.8647670912,132592.30338666882,15550,54675.32212785905,59215.239252563326
2015-02-18,262685.75258360524,132778.1649643789,15550,54826.04019161948,59531.547427606856
2015-02-19,264889.5182784817,133434.867679417,15550,55179.79088889754,60724.85971016716
2015-02-20,267836.2817194967,134326.99568977536,15550,55567.50580325963,62391.780226461684
2015-02-23,268407.5570647192,134463.2840965627,15550,55819.789559054305,62574.48340910217
2015-02-24,268759.86181257584,134562.41153178312,15550,55916.43487853763,62731.01540225511
2015-02-25,267723.35555907997,134227.86825455498,15550,55871.88184653866,62073.60545798631
2015-02-26,269950.8688117198,134909.3481017419,15550,56142.33300211756,63349.18770786034
2015-02-27,268113.96647286136,134314.60239704468,15550,56047.769304918824,62201.59477089787
2015-03-02,273567.9338894848,136278.8803919005,15700,57007.13126900597,64581.92222857835
2015-03-03,271470.72144786303,135643.46731690658,15700,56979.236716131956,63148.01741482452
2015-03-04,269721.2718558829,135120.17310047642,15700,56985.4241864642,61915.67456894229
2015-03-05,270554.98595296236,135356.9012101561,15700,57109.564689513085,62388.52005329316
2015-03-06,265612.0830906868,133824.42319914018,15700,56915.411428953455,59172.248462593154
2015-03-09,266992.57562524726,134210.65579440622,15700,57212.30693908712,59869.61289175394
2015-03-10,259504.3185282765,131718.81297462332,15700,57212.30693908712,54873.19861456607
2015-03-11,256914.0209011791,130958.80015413948,15700,56951.830737012395,53303.39001002724
2015-03-12,259878.6981029806,131818.4889687649,15700,57326.28683111522,55033.922303100466
2015-03-13,257873.69960507838,131245.35675526396,15700,57221.01592059387,53707.32692922055
2015-03-16,263687.5570232265,132939.81063316637,15700,57902.79033927023,57144.95605078989
2015-03-17,264406.48978626955,133151.62449712367,15700,58041.85211046958,57513.01317867629
2015-03-18,268740.5776888882,134459.8362741341,15700,58372.87896732111,60207.862447432984
2015-03-19,269428.30370529316,134659.1882624172,15700,58493.53982797811,60575.575614897825
2015-03-20,271342.6201193478,135219.84909461797,15700,58678.02829988387,61744.742724845986
2015-03-23,270368.5591174691,134958.20673921588,15700,58760.850338607146,60949.502039646104
2015-03-24,268744.2075195172,134472.2981498083,15700,58738.037485705965,59833.87188400293
2015-03-25,258883.85352597263,131394.87074647628,15700,58056.471275377444,53732.51150411891
2015-03-26,257324.2767486667,130946.33827846528,15700,57995.82315809779,52682.11531210363
2015-03-27,259044.23941118372,131469.62298926944,15700,58183.85795106155,53690.75847085272
2015-03-30,264097.9037289362,132977.19626018897,15700,58660.5603856812,56760.14708306605
2015-03-31,259577.48477025505,131569.298983411,15700,58429.244215646984,53878.94157119706
2015-04-01,258678.84486250396,131634.04791134628,15850,58773.39959270438,52421.39735845331
2015-04-02,259001.7924882844,131721.76178963843,15850,58878.37531168121,52551.65538696476
2015-04-06,262371.06723817985,132799.39490013942,15850,59312.40527490765,54409.26706313276
2015-04-07,261391.12638570392,132573.84356166024,15850,59348.9222021585,53618.36062188515
2015-04-08,264433.72097602754,133626.41010116594,15850,59432.797590316106,55524.513284545515
2015-04-09,266823.3949654054,134465.95858769008,15850,59447.906587334,57059.52979038132
2015-04-10,268332.53075176233,135017.30842843823,15850,59449.06296753509,58016.159355789045
2015-04-13,267269.0436690311,134678.98620076734,15850,59449.073230181355,57290.98423808242
2015-04-14,266117.65082833066,134290.5308311058,15850,59449.073230181355,56528.0467670435
2015-04-15,268523.17486518354,135130.07931762998,15850,59449.073230181355,58094.022317372175
2015-04-16,267949.84492995846,134942.12783564377,15850,59449.073230181355,57708.64386413333
2015-04-17,261856.7813454502,132836.98519653667,15850,59449.073230181355,53720.72291873219
2015-04-20,268131.2743900529,134829.3473863563,15850,60067.601772051865,57384.32523164471
2015-04-21,269923.78262961825,135405.75423800404,15850,60212.23180369464,58455.79658791957
2015-04-22,272192.2640673026,136145.06512083413,15850,60349.800358812296,59847.39858765615
2015-04-23,273795.3688982652,136658.8151050893,15850,60474.30313509245,60812.25065808342
2015-04-24,279377.1371395272,138513.34939481763,15850,60607.20073121167,64406.58701349788
2015-04-27,278275.9063679891,138162.49388164908,15850,60628.21482421351,63635.19766212651
2015-04-28,277472.0954437862,137886.818961275,15850,60667.926343735715,63067.35013877544
2015-04-29,274867.7703699067,137022.20390375552,15850,60642.49565560892,61353.070810542216
2015-04-30,268362.72909760353,134866.93768275355,15850,60465.27277778117,57180.518637068795
2015-05-01,275194.69558373257,137396.29137968738,16000,61109.40221750567,60689.001986539486
2015-05-04,275837.7738497355,137623.08068446736,16000,61154.47455900562,61060.21860626251
2015-05-05,268841.57587639836,135380.38217605744,16000,61018.86132630306,56442.332374037884
2015-05-06,265911.9826203725,134448.03041754747,16000,60921.758246136014,54542.19395668899
2015-05-07,268426.3136112404,135254.39025397244,16000,61048.945344010106,56122.97801325789
2015-05-08,273627.3103557739,136942.7127701274,16000,61160.09407699151,59524.50350865496
2015-05-11,271934.13708397886,136413.53131726242,16000,61179.086974928025,58341.5187917884
2015-05-12,270028.4739694175,135796.1641702487,16000,61179.71157942533,57052.598219743486
2015-05-13,270848.91830700345,136073.35216637616,16000,61193.16125875097,57582.4048818763
2015-05-14,276917.85857029055,138064.0572180486,16000,61205.13580228837,61648.66554995357
2015-05-15,276885.3699196001,138064.0572180486,16000,61205.51214523374,61615.800556317714
2015-05-18,278656.45446162735,138668.82228908362,16000,61205.63189815617,62782.00027438755
2015-05-19,278155.3446258462,138517.6358276086,16000,61205.63189834545,62432.07689989212
2015-05-20,278395.5235283813,138605.83113432486,16000,61205.63189834545,62584.06049571097
2015-05-21,280593.2102552366,139323.99566403357,16000,61205.63189834545,64063.58269285754
2015-05-22,280128.9098270392,139185.40166596984,16000,61205.63189834545,63737.87626272392
2015-05-26,275049.1328475103,137585.27445653113,16000,61205.63189834545,60258.2264926337
2015-05-27,281889.7416628938,139802.76881298356,16000,61205.63189834545,64881.3409515648
2015-05-28,280873.32692966604,139487.78420148732,16000,61205.63189834545,64179.91082983327
2015-05-29,278255.05269984755,138656.22982567234,16000,61205.63189834545,62393.19097582974
2015-06-01,281103.3812064252,139872.4008986436,16150,61685.63189834545,63395.348409436156
2015-06-02,279692.9201740228,139429.04708866365,16150,61685.63189834545,62428.24118701371
2015-06-03,280956.99872441206,139847.07053709682,16150,61685.63189834545,63274.29628896981
2015-06-04,277627.9856455396,138783.01172875677,16150,61685.63189834545,61009.34201843739
2015-06-05,276579.99772581016,138453.6687067078,16150,61685.63189834545,60290.697120756915
2015-06-08,271709.095041031,137047.59686335127,16150,61214.19160267908,57297.30657500064
2015-06-09,271048.52061256825,136819.58495187756,16150,61279.496331204595,56799.43932948607
2015-06-10,277441.9777079413,138694.34096676076,16150,61976.32990517209,60621.30683600847
2015-06-11,278159.08408475464,138897.02251668772,16150,62102.32981996189,61009.731748105034
2015-06-12,274251.5145970967,137756.96295931918,16150,61730.73306580984,58613.818571967684
2015-06-15,271991.4958264653,137072.92722489804,16150,61657.44735788639,57111.1212436809
2015-06-16,274548.5063299657,137820.3033597684,16150,61970.07517962418,58608.12779057313
2015-06-17,275873.37903502065,138200.3167692991,16150,62164.77922444545,59358.28304127611
2015-06-18,282530.2263700808,140214.42359804828,16150,62623.118803808786,63542.683968223726
2015-06-19,279250.2943447745,139201.03517718994,16150,62525.95614183049,61373.30302575408
2015-06-22,282611.78636000404,140227.08394662754,16150,62801.230223152255,63433.47219022427
2015-06-23,282975.69489954965,140341.09473455852,16150,62843.2839634046,63641.316201586546
2015-06-24,280700.3912944355,139619.05862562312,16150,62850.58544317043,62080.74722564195
2015-06-25,279795.58397357725,139340.37632666767,16150,62844.280896376855,61460.92675053274
2015-06-26,276816.26710831176,138415.6586678053,16150,62751.34278588939,59499.265654617026
2015-06-29,266131.8068283493,135147.50082253307,16150,61708.56656478477,53125.73944103147
2015-06-30,267918.1364736018,135628.85500702725,16150,62087.959660126355,54051.32180644817
2015-07-01,273038.5944609213,137455.5741639466,16300,63017.856176142726,56265.16412083195
2015-07-02,273247.02183274034,137493.78301774972,16300,63146.553980065335,56306.68483492528
2015-07-06,272454.09872755536,137175.3629461779,16300,63411.84084270181,55566.894938675665
2015-07-07,273508.80346675386,137519.26206522473,16300,63504.36732347928,56185.17407804985
2015-07-08,266193.80571674526,135124.7369078626,16300,63013.68980036443,51755.379008518226
2015-07-09,265897.71675665735,135048.31920025637,16300,62991.06773197873,51558.32982442223
2015-07-10,273085.40914273687,137111.68476230916,16300,64186.3573211666,55487.367059261116
2015-07-13,281168.2596874344,139518.9397259994,16300,65215.84806105344,60133.47190038161
2015-07-14,284160.9531154754,140435.99108691176,16300,65530.38619518504,61894.5758333786
2015-07-15,284683.48098751553,140588.82650212423,16300,65638.51486016053,62156.13962523076
2015-07-16,291018.7708236425,142575.7743565708,16300,66000.80212550765,66142.19434156403
2015-07-17,297597.3998578759,144677.3390550173,16300,66265.0073147408,70355.05348811779
2015-07-20,299025.6023299513,145174.08330668602,16300,66365.08204794268,71186.43697532262
2015-07-21,298734.4916077426,145084.9260753423,16300,66376.87575951408,70972.68977288625
2015-07-22,293694.49819080636,143441.87733994253,16300,66302.29233560673,67650.3285152571
2015-07-23,292025.6543380871,142906.92423447073,16300,66282.55338580572,66536.17671781064
2015-07-24,287739.91332464654,141505.87786303659,16300,66174.92106548502,63759.11439612492
2015-07-27,284127.82957468217,140334.09433183054,16300,66106.3115478858,61387.423694965844
2015-07-28,287918.58229399484,141544.0867168397,16300,66305.84232489347,63768.65325226166
2015-07-29,289564.18695259455,142079.03982231152,16300,66382.91223165493,64802.23489862811
2015-07-30,291627.1084410427,142754.08881925826,16300,66450.63558398002,66122.38403780444
2015-07-31,290920.67688794265,142588.5041628989,16300,66468.83019682404,65563.3425282197
2015-08-03,291025.12073074264,142892.71800618022,16450,66985.13115190977,64697.27157265263
2015-08-04,290156.87100461434,142623.83502795987,16450,66996.65079867709,64086.385177977376
2015-08-05,293520.57049560506,143724.98042563302,16450,67010.02621366006,66335.56385631196
2015-08-06,286572.1497956253,141420.25522848405,16450,67005.34727047407,61696.54729666718
2015-08-07,285998.59358624043,141240.9999096705,16450,67017.35091943016,61290.24275713979
2015-08-10,290883.0851030814,142854.30754767478,16450,67036.1774393424,64542.60011606423
2015-08-11,285353.14736718027,141023.3341323515,16450,67036.1774393424,60843.63579548638
2015-08-12,286981.7064857737,141509.88288789085,16450,67219.41200853443,61802.411589348434
2015-08-13,286226.48497865384,141279.41036817594,16450,67254.64607039871,61242.4285400792
2015-08-14,286962.35852497286,141497.08591417718,16450,67376.23413415467,61639.03847664102
2015-08-17,290885.2130718288,142675.05222886123,16450,67781.42740074472,63978.73344222285
2015-08-18,288454.62466550124,141945.22421121108,16450,67629.98770447179,62429.41274981833
2015-08-19,285365.9215898308,141010.5273899556,16450,67403.3238939122,60502.07030596297
2015-08-20,272034.26142775913,137105.31106588047,16450,65225.94647188447,53253.00388999422
2015-08-21,250520.65686722446,131113.0353219754,16450,59393.96194412989,43563.65960111917
2015-08-24,231782.4340099999,126068.25337303945,16450,53126.18236470611,36137.99827225435
2015-08-25,229901.24554154836,125594.50159121376,16450,52487.51261300716,35369.231337327445
2015-08-26,254529.4814670948,131919.68425663642,16450,58979.337578897095,47180.45963156129
2015-08-27,267389.14310141973,135261.5309081613,16450,62230.61915779949,53446.993035458916
2015-08-28,267351.7334316455,135235.92719205175,16450,62304.04369092234,53361.7625486714
2015-08-31,261287.3645871376,133558.59561075026,16450,60965.65562897248,50313.11334741486
2015-09-01,247334.43969564568,130134.49630845478,16600,56798.573505043205,43801.36988214771
2015-09-02,260004.23293541715,133804.78927934807,16600,60689.055907198825,48910.38774887023
2015-09-03,257720.70474091405,133147.99690814357,16600,59971.41257050932,48001.29526226117
2015-09-04,252357.9222415515,131563.98038532503,16600,58315.91946467674,45878.022391549726
2015-09-08,265727.2932377829,135272.9064677054,16600,62827.53791514207,51026.84885493538
2015-09-09,260359.90485560714,133753.27518892928,16600,61067.599058409614,48939.030608268215
2015-09-10,265624.62900973094,135208.51139835487,16600,62894.13037409663,50921.98723727943
2015-09-11,268415.4770572963,135955.45097146527,16600,63920.90367909713,51939.12240673392
2015-09-14,266968.24428003933,135543.348073423,16600,63524.71884494601,51300.17736167031
2015-09-15,270771.3097026315,137140.24557517326,16600,63524.71884494601,53506.34528251223
2015-09-16,272596.7837198671,137912.937280839,16600,63524.71884494601,54559.12759408209
2015-09-17,272699.1472656312,137964.45137125778,16600,63524.71884494601,54609.97704942741
2015-09-18,267243.8228654104,135672.12838681595,16600,63524.71884494601,51446.97563364845
2015-09-21,268192.10918804695,136097.11226378992,16600,63524.71884494601,51970.278079311036
2015-09-22,263372.3595686303,134062.34990613395,16600,63524.71884494601,49185.2908175503
2015-09-23,263592.0744359349,134165.37808697156,16600,63524.71884494601,49301.97750401731
2015-09-24,262390.5512128336,133676.00896595514,16600,63524.71884494601,48589.823401932445
2015-09-25,259603.9373991854,132542.71862735783,16600,63524.71884494601,46936.499926881566
2015-09-28,250974.32877536135,128769.39747562695,16600,63524.71884494601,42080.2124547884
2015-09-29,249426.21776794636,128099.7339507988,16600,63524.71884494601,41201.76497220154
2015-09-30,256335.8380860764,131048.84930644518,16600,63524.71884494601,45162.26993468523
2015-10-01,259128.28786035307,132391.24660829917,16750,64004.71884494601,45982.322407107895
2015-10-02,264561.52696939063,134709.58401591668,16750,64004.71884494601,49097.22410852793
2015-10-05,269046.13114856824,136639.36950087515,16750,64004.71884494601,51652.042802747106
2015-10-06,267506.93834332254,135991.78955063404,16750,64004.71884494601,50760.42994774249
2015-10-07,269360.8888461989,136807.73673067495,16750,64004.71884494601,51798.43327057794
2015-10-08,270540.84291441675,137351.71139865473,16750,64004.71884494601,52434.41267081601
2015-10-09,271930.6657799312,137973.38261736612,16750,64004.71884494601,53202.56431761903
2015-10-12,272512.6844538477,138310.12695825152,16750,64004.71884494601,53447.83865065014
2015-10-13,270317.7591555667,137416.4634649073,16750,64004.71884494601,52146.576845713396
2015-10-14,269775.90237339586,137196.28865333396,16750,64004.71884494601,51824.89487511586
2015-10-15,275164.74874482164,139449.864113413,16750,64004.71884494601,54960.16578646261
2015-10-16,276531.0820182923,140032.6919974015,16750,64004.71884494601,55743.671175944786
2015-10-19,278367.88591796404,140835.68481167755,16750,64004.71884494601,56777.48226134048
2015-10-20,276566.7114798668,140110.39842941897,16750,64004.71884494601,55701.59420550183
2015-10-21,274360.3710117546,139255.58815208348,16750,64004.71884494601,54350.06401472511
2015-10-22,281245.8701873507,142091.99149615105,16750,64004.71884494601,58399.159846253686
2015-10-23,291014.69216159196,146068.13199538004,16750,64004.71884494601,64191.84132126592
2015-10-26,291164.8437060998,146158.79279316237,16750,64004.71884494601,64251.332067991396
2015-10-27,291875.58099093154,146456.68391803905,16750,64004.71884494601,64664.17822794648
2015-10-28,294820.8048837622,147674.12750521797,16750,64004.71884494601,66391.95853359821
2015-10-29,294224.05789258354,147440.99832787973,16750,64004.71884494601,66028.34071975782
2015-10-30,292583.4142776518,146780.47389315962,16750,64004.71884494601,65048.221539546204
2015-11-02,298096.3882314541,149188.27698477113,16900,64484.71884494601,67523.39240173699
2015-11-03,299502.21981421555,149708.96050383014,16900,64484.71884494601,68408.54046543944
2015-11-04,299498.99097482953,149721.97039167787,16900,64484.71884494601,68392.30173820563
2015-11-05,298355.34152246534,149318.44538173286,16900,64484.71884494601,67652.1772957865
2015-11-06,298606.6752704564,149422.5840717871,16900,64484.71884494601,67799.37235372332
2015-11-09,294194.29557718843,147834.50380770254,16900,64484.71884494601,64975.072924539876
2015-11-10,293129.27011774376,147457.00850466508,16900,64484.71884494601,64287.542768132655
2015-11-11,292596.82364500256,147274.77076267623,16900,64484.71884494601,63937.3340373803
2015-11-12,288721.1116383542,145842.89853367303,16900,64484.71884494601,61493.49425973516
2015-11-13,281198.0299661977,142979.1441444545,16900,64484.718844946015,56834.166976797176
2015-11-16,287750.7475845946,145035.83858257096,16900,65570.03337538577,60244.87562663786
2015-11-17,288119.2434213953,145126.95745356535,16900,65732.26901434407,60360.01695348593
2015-11-18,296816.832048279,147912.60285963718,16900,66789.16304593474,65215.066142707066
2015-11-19,297457.8168938824,148016.7415496914,16900,67189.4195028571,65351.65584133392
2015-11-20,300717.1205302427,149019.0590618421,16900,67724.80003093615,67073.26143746448
2015-11-23,299534.92650057847,148589.49441377752,16900,67819.95711105285,66225.47497574812
2015-11-24,299360.16046093317,148459.3260168158,16900,68057.98307702002,65942.85136709735
2015-11-25,299800.29248725245,148589.49441377752,16900,68175.46911391425,66135.32895956066
2015-11-27,300388.1590084079,148797.76186267385,16900,68274.37506089668,66416.02208483737
2015-11-30,299338.4598305578,148420.26655963637,16900,68366.29327833133,65651.89999259016
2015-12-01,305039.61150956346,150654.21806487878,17050,69014.78979555065,68320.60364913406
2015-12-02,302488.20955094765,149725.37555969512,17050,69015.65480760788,66697.17918364462
2015-12-03,295569.5441588798,147187.44231760275,17050,68850.84502682152,62481.2568144555
2015-12-04,305252.4122210748,150628.0481453779,17050,69052.96745333156,68521.39662236534
2015-12-07,303340.43012781226,149947.77995185312,17050,69083.22353149271,67259.42664446641
2015-12-08,303327.54759058054,149960.85493070367,17050,69090.98957885179,67225.70308102509
2015-12-09,297219.20704186225,147684.56099822087,17050,69064.04534283765,63420.600700803734
2015-12-10,298901.315900445,148351.7542128951,17050,69088.42259268492,64411.13909486497
2015-12-11,289879.65138418664,144937.30832372094,17050,68970.29852830448,58922.04453216123
2015-12-14,292781.0795602383,146036.20540116093,17050,69098.51953505242,60596.35462402493
2015-12-15,295081.2023588598,146925.79302709328,17050,69099.97230606453,62005.43702570198
2015-12-16,300886.45123290224,149110.52218402264,17050,69099.97284738017,65625.95620149944
2015-12-17,294984.9180179546,146938.87798684373,17050,69099.97284738017,61896.06718373071
2015-12-18,284882.28139122704,143681.42167197523,17050,67653.0585969213,56497.80112233051
2015-12-21,290068.0550167461,145277.44741093327,17050,68695.5252892296,59045.08231658324
2015-12-22,293075.64918229665,146232.43987381805,17050,69192.03854786066,60601.17076061796
2015-12-23,296471.714301995,147318.26197240752,17050,69711.78114555382,62391.67118403366
2015-12-24,296419.52393683227,147292.09205290664,17050,69763.40563493894,62314.02624898671
2015-12-28,296553.39793278085,147213.60225620374,17050,70261.21449777522,62028.581178801905
2015-12-29,303472.02048377396,149529.15106793787,17050,70885.587470628,66007.28194520807
2015-12-30,299622.91662323644,148181.67967883896,17050,70691.14136585018,63700.0955785473
2015-12-31,294120.157512036,146337.09959002183,17050,70131.50217383345,60601.55574818071
2016-01-04,286338.67186119,143999.70782830956,17200,69395.29239905746,55743.67163382293
2016-01-05,285500.7679422805,143749.84211096558,17200,69258.2275784592,55292.69825285575
2016-01-06,281236.1903921525,142369.02901469733,17200,68389.23650653848,53277.92487091672
2016-01-07,266117.5169373321,137910.95667088433,17200,63630.42007199085,47376.140194456915
2016-01-08,262108.93555343003,136779.99925880402,17200,62389.468730487744,45739.46756413826
2016-01-11,263594.8500050999,137200.81992145092,17200,62982.60105363542,46211.42903001358
2016-01-12,269215.75952836056,138792.04836562063,17200,64883.83454017274,48339.87662256719
2016-01-13,252212.96050530285,134005.20956557864,17200,58628.445254053615,42379.30568567061
2016-01-14,262464.99485910655,136858.89999768906,17200,62185.88752168085,46220.207339736655
2016-01-15,247551.52115129106,132611.2329686215,17200,56778.85941575923,40961.428766910314
2016-01-19,248262.184251078,132900.54905540802,17200,56984.576837411914,41177.05835825808
2016-01-20,247295.0989507955,132492.88186029394,17200,56984.576837411914,40617.64025308965
2016-01-21,247557.34210868616,132624.38643615437,17200,56984.576837411914,40748.37883511989
2016-01-22,256485.09861409344,136464.37623695182,17200,56984.576837411914,45836.145539729725
2016-01-25,251807.77075782555,134439.18369575837,17200,56984.576837411914,43184.01022465528
2016-01-26,254586.27928470983,135649.04184672373,17200,56984.576837411914,44752.66060057419
2016-01-27,246833.11968753263,132269.32307801567,17200,56984.576837411914,40379.219772105054
2016-01-28,251098.8332439996,134136.71414143904,17200,56984.576837411914,42777.542265148666
2016-01-29,257631.5215389094,136937.8007365741,17200,56984.576837411914,46509.14396492338
2016-02-01,259889.07015007397,138056.02759540165,17350,57464.576837411914,47018.46571726041
2016-02-02,253409.8771099737,135067.74192983637,17350,57464.576837411914,43527.55834272541
2016-02-03,251962.87656321077,134419.84272258056,17350,57464.576837411914,42728.45700321829
2016-02-04,251912.2147404839,134406.61740750525,17350,57464.576837411914,42691.02049556676
2016-02-05,242188.85027716955,129739.07989392121,17350,57464.576837411914,37635.19354583644
2016-02-08,238011.02965475922,127755.70632692789,17350,57464.576837411914,35440.74649041944
2016-02-09,237162.6974638701,127359.02757834538,17350,57464.576837411914,34989.093048112816
2016-02-10,238100.4601422776,127848.26335653587,17350,57464.576837411914,35437.61994832981
2016-02-11,237688.66356654195,127663.14929731992,17350,57464.576837411914,35210.937431810096
2016-02-12,241767.4308450752,129606.84691908729,17350,57464.576837411914,37346.00708857601
2016-02-16,248002.11700922437,132529.02618519522,17350,57464.576837411914,40658.513986617225
2016-02-17,254587.91348431358,135530.5270778762,17350,57464.576837411914,44242.809569025485
2016-02-18,251241.33755663637,133983.49811673173,17350,57464.576837411914,42443.262602492745
2016-02-19,252072.43609736758,134380.1667773546,17350,57464.576837411914,42877.692482601065
2016-02-22,256803.2487067303,136561.8797186392,17350,57464.576837411914,45426.79215067919
2016-02-23,251955.4612093034,134314.0603778973,17350,57464.576837411914,42826.82399399422
2016-02-24,254736.87482025888,135596.64356529317,17350,57464.576837411914,44325.65441755379
2016-02-25,257651.41402979533,136932.10783707106,17350,57464.576837411914,45904.72935531237
2016-02-26,257246.6015795396,136760.21909293043,17350,57464.576837411914,45671.80564919724
2016-02-29,254510.41877382988,135530.5270778762,17350,57464.576837411914,44165.314858541766
2016-03-01,265751.3398035182,140630.72764537003,17500,57944.576837411914,49676.03532073625
2016-03-02,265841.293974607,140683.90240487855,17500,57944.576837411914,49712.814732316576
2016-03-03,265227.45057587995,140418.02860733587,17500,57944.576837411914,49364.845131132155
2016-03-04,265321.3251880334,140471.20336684442,17500,57944.576837411914,49405.5449837771
2016-03-07,263323.1411458518,139607.13127341526,17500,57944.576837411914,48271.433035024646
2016-03-08,260772.17867797447,138450.61321576167,17500,57944.576837411914,46876.9886248009
2016-03-09,262632.72488533624,139341.2676179209,17500,57944.576837411914,47846.88043000343
2016-03-10,262134.26046861376,139128.5787219351,17500,57944.576837411914,47561.104909266745
2016-03-11,267551.85763453034,141561.2605816486,17500,57944.576837411914,50546.020215469835
2016-03-14,268011.3333417937,141800.54192841283,17500,57944.576837411914,50766.21457596897
2016-03-15,267832.3636820931,141747.3671689043,17500,57944.576837411914,50640.41967577688
2016-03-16,270645.02812937566,143010.24488762332,17500,57944.576837411914,52190.206404340395
2016-03-17,270422.1243137527,142930.47767733634,17500,57944.576837411914,52047.06979900442
2016-03-18,269953.2079883343,142731.08500673974,17500,57944.576837411914,51777.54614418263
2016-03-21,271133.38708520995,143289.40476850688,17500,57944.576837411914,52399.40547929114
2016-03-22,272095.57142040227,143728.08892791608,17500,57944.576837411914,52922.90565507425
2016-03-23,269435.69064649503,142544.97841948405,17500,57944.576837411914,51446.1353895991
2016-03-24,269380.39823313704,142584.85695360336,17500,57944.576837411914,51350.96444212178
2016-03-28,268840.63246602553,142385.4541409584,17500,57944.576837411914,51010.60148765525
2016-03-29,274001.84860952775,144671.91808958387,17500,57944.576837411914,53885.35368253199
2016-03-30,275546.9088400313,145376.46590448738,17500,57944.576837411914,54725.86609813202
2016-03-31,275018.7124449549,145163.76686645322,17500,57944.576837411914,54410.36874108974
2016-04-01,280007.745184781,147455.80446605582,17650,58424.576837411914,56477.36388131325
2016-04-04,278631.1637044145,146894.63042171378,17650,58424.576837411914,55661.9564452888
2016-04-05,275341.3758571502,145478.32091764928,17650,58424.576837411914,53788.478102089
2016-04-06,280922.5726317944,147870.00289965628,17650,58424.576837411914,56977.99289472618
2016-04-07,276017.20458695,145745.55393440544,17650,58424.576837411914,54197.073815132644
2016-04-08,275734.2665419489,145638.66072770295,17650,58424.576837411914,54021.02897683405
2016-04-11,274424.73913284147,145104.2048880879,17650,58424.576837411914,53245.95740734167
2016-04-12,277217.36421890097,146320.0921780596,17650,58424.576837411914,54822.695203429445
2016-04-13,281571.76777852816,148190.68251976368,17650,58424.576837411914,57306.50842135258
2016-04-14,281566.6724274902,148204.03652517853,17650,58424.576837411914,57288.059064899746
2016-04-15,280670.50345605327,147829.92049561717,17650,58424.576837411914,56766.00612302416
2016-04-18,282369.4546661029,148618.24515267627,17650,58424.576837411914,57676.632676014735
2016-04-19,280178.3420456386,147709.67328349984,17650,58424.576837411914,56394.09192472685
2016-04-20,280427.3763394564,147829.92049561717,17650,58424.576837411914,56522.879006427356
2016-04-21,280424.5218380046,147843.2846949293,17650,58424.576837411914,56506.66030566342
2016-04-22,275288.24386218895,145611.942522976,17650,58424.576837411914,53601.72450180104
2016-04-25,275159.3044367746,145611.942522976,17650,58424.576837411914,53472.7850763867
2016-04-26,273508.04791397165,144903.7826739951,17650,58424.576837411914,52529.68840256464
2016-04-27,270576.4006857136,143741.3521812719,17650,58165.47344160347,51019.57506283826
2016-04-28,265877.9230693996,142004.37325099728,17650,57413.071607887796,48810.47821051452
2016-04-29,263855.23565402004,141256.14119187454,17650,57169.56401462463,47779.53044752085
2016-05-02,269091.50391706126,143342.27569396357,17800,58465.528998909875,49483.69922418783
2016-05-03,265675.4330046445,142012.5479475085,17800,57962.754588536816,47900.13046859921
2016-05-04,263114.35400271416,141099.19721567232,17800,57468.56006579104,46746.59672125077
2016-05-05,263042.02084594395,141058.8937406158,17800,57518.286087355475,46664.84101797267
2016-05-06,265452.9001365517,141811.0715622845,17800,58316.74050798424,47525.088066283
2016-05-09,266722.2781992696,142214.01408521787,17800,58811.36388413033,47896.90022992138
2016-05-10,271973.4277723327,144161.6054790305,17800,59770.79024435975,50241.032048942434
2016-05-11,268556.61797721783,142858.7364684318,17800,59225.13779737415,48672.74371141189
2016-05-12,266867.08089776704,142227.44857690338,17800,58936.317532817986,47903.31478804569
2016-05-13,265420.97088090994,141703.61612382974,17800,58705.013235639926,47212.341521440256
2016-05-16,270488.63856211706,143476.5898682747,17800,59924.02307326646,49288.02562057592
2016-05-17,265724.5258441534,141676.75738797337,17800,59089.06751698903,47158.70093919104
2016-05-18,267242.9036536697,142187.1553493615,17800,59513.9972540209,47741.7510502873
2016-05-19,265238.43494126,141448.41201937833,17800,59137.59511148624,46852.42781039548
2016-05-20,269616.22880140704,143006.48513442843,17800,60112.50933657035,48697.23433040828
2016-05-23,269364.26383633434,142818.4432408899,17800,60342.14642798889,48403.67416745557
2016-05-24,276483.05977664626,145679.37511902404,17800,61118.393772058975,51885.290885563256
2016-05-25,278832.1513591187,146727.04002517136,17800,61209.401066609615,53095.71026733774
2016-05-26,279786.0639571786,147156.85153147575,17800,61227.64114292893,53601.571282773926
2016-05-27,281475.70690013655,147922.4535973153,17800,61231.950018278454,54521.30328454278
2016-05-31,282013.3429279756,148204.51643762304,17800,61232.03521046751,54776.791279885045
2016-06-01,283518.1699467656,148967.95092930854,17950,61712.03521046751,54888.1838069895
2016-06-02,284197.346975417,149278.44598379915,17950,61712.03521046751,55256.86578115032
2016-06-03,282568.05348334304,148576.46164293704,17950,61712.03521046751,54329.556629938466
2016-06-06,283719.72111556586,149116.44722066907,17950,61712.03521046751,54941.238684429285
2016-06-07,282809.85082376044,148738.4604060671,17950,61712.03521046751,54409.35520722585
2016-06-08,283366.869080685,148994.9558728477,17950,61712.03521046751,54709.87799736978
2016-06-09,282742.1620732212,148751.9628778367,17950,61712.03521046751,54328.16398491699
2016-06-10,278933.3407186108,147064.51438452923,17950,61712.03521046751,52206.79112361405
2016-06-13,276096.87273707817,145836.04693770464,17950,61712.03521046751,50598.79058890601
2016-06-14,276107.13139527873,145836.04693770464,17950,61754.524237794714,50566.560219779356
2016-06-15,275060.24006304645,145417.56300716224,17950,61675.88953551329,50016.78752037088
2016-06-16,276142.58123026264,145849.54940947422,17950,61816.459320157206,50526.57250063121
2016-06-17,270857.0505955348,143757.10915802568,17950,61223.727960991106,47926.213476518016
2016-06-20,273233.3233409081,144661.58937795833,17950,61668.8607053238,48952.87325762595
2016-06-21,274412.12389622314,145120.5704244412,17950,61861.55342544851,49480.00004633346
2016-06-22,273566.14574419695,144769.57825401015,17950,61823.337741644245,49023.22974854255
2016-06-23,278695.6078196623,146835.01356191954,17950,62303.449494489476,51607.14476325334
2016-06-24,262632.54840085027,140787.20392955185,17950,59195.30197886666,44700.042492431785
2016-06-27,254547.75864925297,137992.78963660944,17950,57135.117115587374,41469.85189705615
2016-06-28,263282.2410201938,141016.69445279328,17950,59376.41655675582,44939.1300106447
2016-06-29,270242.46719736396,143514.11616301467,17950,60798.61102524749,47979.74000910182
2016-06-30,274703.7907997742,145174.57001215123,17950,61583.66353496579,49995.55725265713
2016-07-01,278089.3954642543,146653.54899718423,18100,62342.349073337486,50993.49739373257
2016-07-05,276120.93538570416,145757.99128290164,18100,62392.751304675294,49870.19279812719
2016-07-06,279086.2469445623,146952.06823527845,18100,62786.30074825812,51247.877961025704
2016-07-07,280103.44607775495,147386.2752127852,18100,62951.577387848236,51665.593477121525
2016-07-08,285338.8259551122,149665.86443277344,18100,63188.793832732634,54384.16768960612
2016-07-11,287171.4238258437,150520.70650815242,18100,63256.31231443374,55294.40500325753
2016-07-12,288769.00835814537,151280.56613071152,18100,63262.80530765236,56125.63691978151
2016-07-13,287932.7227992453,150914.20819906652,18100,63263.540192687055,55654.97440749175
2016-07-14,290193.4789875534,151945.45365276167,18100,63263.72501349196,56884.300321299765
2016-07-15,289591.2597947738,151701.21158089468,18100,63263.725447862205,56526.322766016914
2016-07-18,291709.1257004009,152705.31327532078,18100,63263.72544786927,57640.086977210856
2016-07-19,290455.2193588331,152148.98008572505,18100,63263.72544786927,56942.513825238755
2016-07-20,294403.3294889557,153926.52363465572,18100,63263.72544786927,59113.080406430665
2016-07-21,293571.3464327204,153573.7272303343,18100,63263.72544786927,58633.89375451686
2016-07-22,294968.2952144051,154211.47099311536,18100,63263.72544786927,59393.09877342049
2016-07-25,294911.6768806938,154225.0428727499,18100,63263.72544786927,59322.90856007465
2016-07-26,295268.4440213634,154401.43589875515,18100,63263.72544786927,59503.28267473897
2016-07-27,297634.8854127587,155473.386639043,18100,63263.72544786927,60797.7733258464
2016-07-28,298827.3969904968,156016.14794900417,18100,63263.72544786927,61447.52359362333
2016-07-29,299562.3891064637,156355.37247369104,18100,63263.72544786927,61843.29118490337
2016-08-01,302859.66867809364,157933.07078980096,18250,63743.72544786927,62932.87244042342
2016-08-02,300033.1757484463,156733.30669352543,18250,63743.72544786927,61306.14360705159
2016-08-03,301219.0068116463,157251.38451656798,18250,63743.72544786927,61973.896847209035
2016-08-04,302231.4828309059,157701.29995331145,18250,63743.72544786927,62536.45742972517
2016-08-05,305716.3665034313,159214.64431202525,18250,63743.72544786927,64507.99674353677
2016-08-08,305212.37800640985,159037.40962559922,18250,63743.72544786927,64181.24293294135
2016-08-09,306020.099451135,159405.51563639392,18250,63743.72544786927,64620.85836687184
2016-08-10,304979.1741093531,158996.51011347835,18250,63743.72544786927,63988.938548005506
2016-08-11,306564.4333719318,159678.19638671135,18250,63743.72544786927,64892.51153735113
2016-08-12,306793.4227281219,159787.25828513128,18250,63743.72544786927,65012.43899512136
2016-08-15,308329.21305031946,160468.94455836428,18250,63743.72544786927,65866.54304408589
2016-08-16,306190.5782735171,159582.760724527,18250,63743.72544786927,64614.092101120805
2016-08-17,306833.1050868004,159869.06771108002,18250,63743.72544786927,64970.31192785114
2016-08-18,306888.6622863229,159909.9672232009,18250,63743.72544786927,64984.96961525276
2016-08-19,306540.1793573384,159869.06771108002,18250,63743.72544786927,64677.38619838911
2016-08-22,306179.93437348056,159991.76624744257,18250,63743.72544786927,64194.4426781687
2016-08-23,306390.2842448605,160278.0732339956,18250,63743.72544786927,64118.48556299566
2016-08-24,303900.4113490639,159241.91758791052,18250,63743.72544786927,62664.76831328412
2016-08-25,302580.77410038846,158982.8734755357,18250,63743.72544786927,61604.175176983445
2016-08-26,302933.28137076204,159214.64431202525,18250,63743.72544786927,61724.91161086752
2016-08-29,303375.0095668004,159432.78891227918,18250,63743.72544786927,61948.49520665193
2016-08-30,302064.67538793833,158914.7006875296,18250,63743.72544786927,61156.249252539455
2016-08-31,301344.7989385588,158751.1026390462,18250,63743.72544786927,60599.970851643324
2016-09-01,303582.5009892709,159910.10816196178,18400,64223.72544786927,61048.66737943989
2016-09-02,304817.0511736633,160430.63774072306,18400,64223.72544786927,61762.68798507095
2016-09-06,307108.6918392473,161430.58375652446,18400,64223.72544786927,63054.38263485357
2016-09-07,307058.2368634629,161526.46913407696,18400,64223.72544786927,62908.04228151666
2016-09-08,304673.1846220137,160581.3162555516,18400,64223.72544786927,61468.14291859283
2016-09-09,295039.82480345963,156540.40859990247,18400,64223.72544786927,55875.690755687865
2016-09-12,302633.4495106769,159348.4967936464,18400,65016.33125293243,59868.621464098076
2016-09-13,298910.4576373488,157923.9065766362,18400,64750.58810165327,57835.962959059354
2016-09-14,300872.6461984223,158677.28870005658,18400,64956.99979015431,58838.35770821138
2016-09-15,307352.2593156324,161142.92762386697,18400,65379.98629910313,62429.345392662304
2016-09-16,306199.7221331059,160663.5007361045,18400,65427.843498885115,61708.37789811633
2016-09-19,304314.0004060125,159964.90129923783,18400,65432.016235475065,60517.082871299644
2016-09-20,305088.7960717551,160266.2583288949,18400,65501.51377908204,60921.023963778134
2016-09-21,309036.32384609635,161841.52706073364,18400,65664.50570706314,63130.291078299575
2016-09-22,312302.3970861342,163129.12920919256,18400,65760.15421881643,65013.11365812517
2016-09-23,309780.36629312934,162088.09095311468,18400,65830.1635804381,63462.11175957658
2016-09-26,306363.4528767185,160731.9843196578,18400,65835.78050917886,61395.68804788183
2016-09-27,310004.8648181552,162320.9539484961,18400,65860.85889308731,63423.05197657178
2016-09-28,310645.81395534443,162594.909184154,18400,65864.25749348366,63786.64727770678
2016-09-29,307559.9562035152,161416.88285952486,18400,65862.37195470414,61880.70138928614
2016-09-30,310524.45661771565,162622.31097815323,18400,65865.37832230396,63636.76731725844
2016-10-03,311268.04502379574,163139.4479827718,18550,66346.06272053758,63232.53432048634
2016-10-04,310548.84639215574,162891.7453284725,18550,66346.11091142266,62760.990152260565
2016-10-05,311954.45036270947,163469.71468884105,18550,66346.17305766909,63588.562616199335
2016-10-06,311706.4734984938,163387.15063707106,18550,66346.1793995419,63423.143461880856
2016-10-07,310780.6061870675,163029.35558108558,18550,66346.18074123806,62855.0698647439
2016-10-10,313277.46378985094,164061.4482241677,18550,66346.18113961314,64319.83442607008
2016-10-11,307497.75573217997,161722.03193378804,18550,66346.18113961314,60879.542658778766
2016-10-12,307108.47500036197,161584.42168117495,18550,66346.18113961314,60627.872179573846
2016-10-13,305502.7043699958,161006.4523208064,18550,66195.63764820309,59750.6144009863
2016-10-14,305919.40446396504,161199.10877426257,18550,66266.05583466451,59904.239855037944
2016-10-17,304729.82815461385,160758.74966650712,18550,66258.19268086625,59162.88580724046
2016-10-18,308647.82714165497,162189.91939145967,18550,66645.54233754019,61262.36541265511
2016-10-19,308605.9012957151,162176.1552165016,18550,66679.9851380089,61199.76094120462
2016-10-20,308063.9422080051,161983.4987630454,18550,66662.46363239354,60867.97981256616
2016-10-21,309535.9526498009,162588.99647333013,18550,66805.74717734808,61591.208999122704
2016-10-24,314407.8511329815,164543.08935780814,18550,67103.18630920169,64211.575465971684
2016-10-25,313040.03682145226,164020.16619828268,18550,67077.23919246379,63392.63143070576
2016-10-26,310145.8749347847,162905.4990044413,18550,66989.96468147765,61700.41124886574
2016-10-27,308165.0316318391,162162.39104154348,18550,66910.53710763576,60542.10348265987
2016-10-28,305479.62820822676,161144.06257341948,18550,66770.45855863881,59015.10707616847
2016-10-31,305058.55600302154,160992.6881458483,18550,66823.65769932835,58692.21015784491
2016-11-01,303273.2898875113,160531.70322426813,18700,67063.89709819302,56977.689565050125
2016-11-02,299702.8973317282,159245.9006904281,18700,66565.01885740728,55191.977783892806
2016-11-03,295182.1720492092,157683.58579269,18700,65731.50351966902,53067.0827368502
2016-11-04,293475.2185830673,157130.55051662333,18700,65351.087702000776,52293.58036444317
2016-11-07,304430.4638525227,160863.52017059992,18700,67343.95412218335,57522.98955973945
2016-11-08,307131.10732253134,161914.28614029952,18700,67580.2395202641,58936.58166196774
2016-11-09,309001.3714763006,162660.88218074894,18700,67677.08060383113,59963.4086917205
2016-11-10,302440.6719394143,160033.97253063516,18700,67343.84476458495,56362.85464419418
2016-11-11,302643.49700200756,160103.10589574496,18700,67444.34671750171,56396.04438876086
2016-11-14,298588.355486668,158485.4758673026,18700,67415.3220029682,53987.55761639722
2016-11-15,304988.0001566404,160683.78818889323,18700,68622.70117318475,56981.51079456248
2016-11-16,307652.899472086,161637.77377640147,18700,69019.14808635082,58295.97760933373
2016-11-17,310804.20736231445,162812.96714537404,18700,69473.21811898536,59818.02209795507
2016-11-18,309162.69516826374,162204.62728687367,18700,69321.26549040944,58936.80239098066
2016-11-21,313756.42084140645,163891.38013215526,18700,69900.13646618667,61264.904243064506
2016-11-22,315098.5438816864,164389.1108257882,18700,70061.24671607006,61948.1863398281
2016-11-23,313362.2546014654,163725.4663848541,18700,69958.29149903503,60978.4967175763
2016-11-25,314787.4604958248,164250.85464383918,18700,70160.5278912743,61676.07796071134
2016-11-28,313877.07706355356,163877.55134947918,18700,70237.99056200686,61061.53515206751
2016-11-29,315362.54671307607,164444.41540822192,18700,70372.81382283545,61845.31748201872
2016-11-30,310196.3210139665,162453.49263369013,18700,70037.38259029483,59005.44578998156
2016-12-01,303889.23127111327,160396.85100186965,18850,69366.69368049524,55275.686588748365
2016-12-02,304701.39893695514,160716.33303227718,18850,69556.66207037048,55578.40383430748
2016-12-05,308165.86742318416,161966.50545040972,18850,70310.25253169738,57039.109441077046
2016-12-06,309264.6390973274,162355.4456254232,18850,70517.37564248775,57541.8178294165
2016-12-07,314688.43424614967,164411.28589055504,18850,71004.26606731128,60422.88228828337
2016-12-08,315438.1454090067,164702.99102181513,18850,71159.27288185619,60725.88150533534
2016-12-09,318653.87403142103,165994.8340875813,18850,71275.67175192916,62533.36819191056
2016-12-12,316629.07513351296,165244.73063670174,18850,71316.17400200291,61218.170494808306
2016-12-13,321702.0523372053,167328.34780098102,18850,71337.94720640784,64185.75732981645
2016-12-14,320828.28970286023,166981.07827360113,18850,71343.74545599602,63653.46597326309
2016-12-15,321382.02625019616,167245.00650571383,18850,71349.26226977565,63937.75747470667
2016-12-16,318606.9018596044,166133.73977896824,18850,71354.71146242956,62268.45061820656
2016-12-19,320023.15340389835,166814.38508524184,18850,71360.16061709111,62998.60770156543
2016-12-20,321520.607921826,167453.37034170673,18850,71360.16061709111,63857.07696302815
2016-12-21,321177.26263432036,167328.34780098102,18850,71360.16061709111,63638.75421624821
2016-12-22,319987.0539605819,166856.06633070036,18850,71360.16061709111,62920.827012790396
2016-12-23,320231.1304373074,166967.18452511498,18850,71360.16061709111,63053.78529510135
2016-12-27,322233.7437317741,167828.41676823405,18850,71360.16061709111,64195.166346448954
2016-12-28,318969.3673829605,166522.67995398171,18850,71360.16061709111,62236.5268118877
2016-12-29,318342.04432630714,166286.53921884138,18850,71360.16061709111,61845.34449037461
2016-12-30,314160.3365829797,164577.97907891436,18850,71360.16061709111,59372.19688697425
2017-01-03,319461.1381102843,166800.39848370105,19000,72308.49591344512,61352.24371313811
2017-01-04,321914.2353955676,167707.3795168385,19000,72511.81598059241,62695.03989813672
2017-01-05,324404.2571199071,168656.21941146514,19000,72675.64475629013,64072.39295215188
2017-01-06,327873.772846887,170135.28929444205,19000,72826.18269363597,65912.30085880899
2017-01-09,329262.79500503687,170693.43228757987,19000,72911.08193883683,66658.28077862014
2017-01-10,330224.217819799,171070.1726866749,19000,72941.34999994024,67212.69513318392
2017-01-11,331365.5595502928,171530.6414544405,19000,72979.10921909215,67855.80887676016
2017-01-12,301918.77171690774,171265.52113741933,19000,44746.24718888684,66907.00339060157
2017-01-13,303724.82808061887,171851.5771353447,19000,45234.42808572136,67638.82285955278
2017-01-17,301437.6539281609,171335.2930036961,19000,44802.382762071386,66299.97816239343
2017-01-18,302596.55837744905,171684.13104369573,19000,45089.28788839016,66823.1394453632
2017-01-19,302224.14113487845,171600.41332071729,19000,44967.545342515135,66656.18247164601
2017-01-20,303445.14043952536,171977.15371981234,19000,45242.25556307398,67225.73115663903
2017-01-23,303497.75104879413,172116.68680667377,19000,45322.26308999969,67058.80115212072
2017-01-24,307307.24224418856,173274.8316544386,19000,46225.18983844122,68807.22075130872
2017-01-25,313150.18438039965,175019.0218544367,19000,47518.4549313237,71612.70759463924
2017-01-26,313535.30011798,175200.41380278734,19000,47701.658826401705,71633.2274887909
2017-01-27,314542.83247559064,175535.30598608532,19000,47915.37152997757,72092.15495952776
2017-01-30,309667.9565494863,174167.85618518226,19000,46848.747344284086,69651.35302001996
2017-01-31,308467.6971865406,173819.01814518264,19000,46592.80980193209,69055.8692394259
2017-02-01,313777.172261737,175769.02185443672,19150,47920.84250282701,70937.30790447327
2017-02-02,313161.75839111547,175614.87452415016,19150,47804.99586962809,70591.88799733721
2017-02-03,314970.2000680543,176119.35475212225,19150,48201.44707437882,71499.39824155325
2017-02-06,315098.00473874225,176329.55662899587,19150,48372.26119785948,71246.18691188688
2017-02-07,317400.92048071715,176974.16787777987,19150,48847.995889314756,72428.75671362253
2017-02-08,318478.9713559801,177268.4462288783,19150,49110.272037965144,72950.2530891366
2017-02-09,320804.4904769291,177913.0574776623,19150,49598.20032266335,74143.23267660344
2017-02-10,322954.7121625056,178501.61417985923,19150,50067.83083509156,75235.2671475548
2017-02-13,326641.75311586045,179510.58532711497,19150,50909.51538040795,77071.65240833753
2017-02-14,328836.5455728039,180113.14764747498,19150,51366.95234644222,78206.44557888668
2017-02-15,332798.2906353504,181178.15195869465,19150,52214.74031232806,80255.39836432767
2017-02-16,332551.23979981954,181122.10810341916,19150,52172.042948782044,80107.08874761833
2017-02-17,335474.51344261516,181906.85037301504,19150,52800.261041977035,81617.40202762309
2017-02-21,338805.48004221014,182803.70173578506,19150,53605.35352554304,83246.42478088207
2017-02-22,338983.34927567135,182873.7725918468,19150,53611.457677851344,83348.11900597323
2017-02-23,336338.1102615094,182187.11241463883,19150,53056.427406752715,81944.57044011785
2017-02-24,337620.7440441038,182537.44531232436,19150,53330.88887100809,82602.4098607713
2017-02-27,338329.71261690377,182761.66349867266,19150,53483.37250291368,82934.67661531744
2017-02-28,336213.99022314744,182201.13941542507,19150,53080.82926351531,81782.02154420709
2017-03-01,345290.1477931461,184941.0277083641,19300,55207.60150283944,85841.51858194257
2017-03-02,341488.5854429385,184012.377728947,19300,54378.113176245955,83798.09453774555
2017-03-03,342773.4581929813,184350.07448592328,19300,54646.47068255735,84476.91302450071
2017-03-06,340992.9927959691,183942.02155419902,19300,54286.62369685936,83464.3475449107
2017-03-07,339720.26756920485,183632.47156106,19300,54031.091766955564,82756.7042411893
2017-03-08,340952.35378870805,183956.10567096274,19300,54293.38418315982,83402.86393458548
2017-03-09,341507.3706400952,184096.79655076854,19300,54452.08720002691,83658.48688929973
2017-03-10,344467.45258856413,184870.67153361609,19300,55019.038402563696,85277.74265238436
2017-03-13,345614.2441918526,185180.2215267551,19300,55324.577309867724,85809.44535522973
2017-03-14,343755.2272396578,184729.95918412012,19300,54934.66467999546,84790.60337554224
2017-03-15,348233.8457207742,185869.67768778116,19300,55849.22597731755,87214.94205567549
2017-03-16,347755.31823446695,185743.0279853587,19300,55818.950349065555,86893.33990004267
2017-03-17,346153.5291584248,185292.78711241388,19300,55691.084205439525,85869.65784057144
2017-03-20,346709.548808866,185461.6247560569,19300,55849.92650032593,86097.99755248317
2017-03-21,335444.88521906076,182647.54952365864,19300,53477.488100486175,80019.84759491595
2017-03-22,340272.26088595024,183885.74949621473,19300,54477.75585809166,82608.75553164384
2017-03-23,338355.34843946714,183421.4245065062,19300,54063.013310238006,81570.9106227229
2017-03-24,339780.8211413459,183801.33067439322,19300,54343.5799193954,82335.91054755729
2017-03-27,340845.1381943795,184096.79655076854,19300,54618.043790420554,82830.29785319041
2017-03-28,345327.11770893127,185222.43093766586,19300,55593.915167817024,85210.77160344839
2017-03-29,348707.32355354563,186080.72474233495,19300,56295.307789541774,87031.29102166892
2017-03-30,349915.7689060955,186390.27473547397,19300,56563.67945115827,87661.81471946323
2017-03-31,349337.93428086984,186263.6465027417,19300,56435.597769989705,87338.69000813844
2017-04-03,350225.00050729915,186901.08091708296,19450,56799.70994741661,87074.20964279957
2017-04-04,351365.3112933798,187197.73722118067,19450,57043.679565803686,87673.89450639546
2017-04-05,348280.7019369109,186434.8851687381,19450,56427.655057889635,85968.16171028321
2017-04-06,348589.8721015293,186533.76341804027,19450,56470.3548015591,86135.75388192998
2017-04-07,348168.76321099047,186434.8851687381,19450,56409.35716201232,85874.52088024002
2017-04-10,348312.96755187697,186505.5248074918,19450,56470.35480155909,85887.08794282604
2017-04-11,345052.3545593815,185700.27172684402,19450,55802.11927893962,84099.96355359789
2017-04-12,341956.3933526029,184951.5389796757,19450,55108.43118922027,82446.42318370695
2017-04-13,338994.3080096315,184216.92553778162,19450,54493.253897618044,80834.12857423186
2017-04-17,344815.09928585164,185742.651198858,19450,55713.126552303474,83909.3215346902
2017-04-18,343725.46712380426,185460.1142000345,19450,55560.930579100714,83254.42234466907
2017-04-19,344796.44545823394,185756.79206032347,19450,55743.98414091275,83845.66925699775
2017-04-20,350949.19588340115,187310.75633194833,19450,57018.120469343965,87170.31908210885
2017-04-21,350743.109583596,187268.37685993436,19450,56994.032460126335,87030.70026353528
2017-04-24,359804.03943532053,189528.71596290483,19450,58951.091738910996,91874.23173350465
2017-04-25,365431.1566818573,190899.0430411996,19450,60187.69316360318,94894.42047705453
2017-04-26,364263.6528443036,190630.62534765035,19450,59938.89645832853,94244.13103832475
2017-04-27,368935.16378359764,191774.9142044098,19450,60931.93071309782,96778.31886609003
2017-04-28,370326.07214329555,192113.97153671275,19450,61261.512439511214,97500.58816707155
2017-05-01,378765.37714375916,194573.33439111922,19600,63205.11565987949,101386.92709276047
2017-05-02,380192.35164639924,194899.50812725906,19600,63559.25530816495,102133.58821097523
2017-05-03,377390.00547369744,194275.53017452286,19600,62969.37338985973,100545.10190931484
2017-05-04,377640.3247885065,194346.4215139771,19600,63030.74479353673,100663.15848099263
2017-05-05,380683.91315954213,195055.50802534388,19600,63677.273780930765,102351.13135326745
2017-05-08,382353.8008479707,195480.96426008455,19600,64037.51639344624,103235.3201944399
2017-05-09,385333.6340839184,196161.7028915108,19600,64702.34354251874,104869.58764988888
2017-05-10,385771.4645632645,196275.13769047885,19600,64799.921872750296,105096.40500003539
2017-05-11,385024.83707614493,196119.13779239403,19600,64653.54595192035,104652.15333183059
2017-05-12,386901.39303331473,196558.78960670796,19600,65049.99919951026,105692.60422709657
2017-05-15,389493.97237905976,197182.76755944418,19600,65623.3100038877,107087.8948157279
2017-05-16,393044.097926856,198005.310509382,19600,66334.82826160734,109103.9591558667
2017-05-17,371066.0285389712,192970.81359036037,19600,61910.04905399896,96585.16589461183
2017-05-18,378244.5605907599,194658.42131014675,19600,63338.68123628017,100647.45804433299
2017-05-19,381737.3784767741,195480.96426008455,19600,64035.42086904012,102620.99334764942
2017-05-22,388822.8266173982,197126.05015996014,19600,65542.22961634993,106554.54684108807
2017-05-23,389621.4060915856,197324.59351755874,19600,65699.45484081375,106997.3577332131
2017-05-24,393567.25139952987,198232.22338652407,19600,66503.56443266966,109231.46358033612
2017-05-25,400992.204431748,199919.85274591343,19600,67996.09270064313,113476.25898519144
2017-05-26,402465.91062401887,200274.39600159682,19600,68260.62592877452,114330.88869364755
2017-05-30,403083.5919303899,200444.56983965187,19600,68493.29087620147,114545.73121453659
2017-05-31,402732.5572667452,200373.6568605946,19600,68451.48977123307,114307.41063491748
2017-06-01,407679.7423961912,201903.65635101864,19750,69641.54795914445,116384.53808602811
2017-06-02,418080.55101035634,204209.67740771038,19750,71497.95168965988,122622.92191298607
2017-06-05,417848.68777333293,204166.95360491943,19750,71616.32059413064,122315.41357428287
2017-06-06,414171.3669780055,203355.59231704142,19750,71043.43875777513,120022.33590318898
2017-06-07,417748.95499873813,204152.7268175132,19750,71696.62933411382,122149.5988471111
2017-06-08,418692.181699723,204366.2589503235,19750,71900.53632748102,122675.38642191845
2017-06-09,395164.76483039156,199256.0186342882,19750,67370.46043939923,108788.28575670412
2017-06-12,389963.46880311915,198188.42313109504,19750,66239.26425673661,105785.7814152875
2017-06-13,397200.45639506157,199796.94063973095,19750,67684.58132910368,109968.93442622696
2017-06-14,393120.7859868434,198928.62876165574,19750,66837.13973914865,107605.01748603901
2017-06-15,389013.5876851946,198046.0900961743,19750,65995.46355493816,105222.03403408214
2017-06-16,383190.17926167627,196651.0830000626,19750,65257.47517963979,101531.6210819739
2017-06-19,397858.0525424476,199939.29539493783,19750,68203.37010651933,109965.3870409904
2017-06-20,390921.68690629915,198373.47996880676,19750,67036.86664257827,105761.34029491415
2017-06-21,399594.60888340237,200337.8626451737,19750,68605.79916639661,110900.94707183208
2017-06-22,399292.28142204334,200280.9120549765,19750,68576.43498657158,110684.93438049522
2017-06-23,402677.9060216191,201049.5929806358,19750,69197.21472622857,112681.09831475474
2017-06-26,398390.8082350954,200110.10372495715,19750,68557.37154438747,109973.33296575076
2017-06-27,381944.0689088099,196480.27467004326,19750,65324.92209935551,100388.87213941113
2017-06-28,394438.20630778593,199312.9692244854,19750,67648.36789559863,107726.86918770189
2017-06-29,378927.0445186624,195853.94849959083,19750,64671.356594415185,98651.73942465635
2017-06-30,378930.96197154117,195925.12587719425,19750,64485.758498638745,98770.07759570821
2017-07-03,371384.79878976464,194611.1122484114,19900,63408.54835160983,93465.13818974342
2017-07-05,379193.34642155503,196525.92371071302,19900,65040.164828813424,97727.25788202861
2017-07-06,371787.8071762043,194753.9959341303,19900,63498.84163780925,93634.96960426471
2017-07-07,380349.53032028524,196854.5801726146,19900,65213.81987014345,98381.13027752723
2017-07-10,385710.5310897859,198140.66416998344,19900,66464.37030932045,101205.49661048206
2017-07-11,388015.76991825865,198697.96069421503,19900,66963.81402232607,102453.99520171751
2017-07-12,397995.1728368957,201055.74864958323,19900,69078.82874012548,107960.59544718698
2017-07-13,399867.3636976873,201498.72514264978,19900,69504.30826742372,108964.33028761376
2017-07-14,406627.24350732367,203084.88014304984,19900,70926.71029324524,112715.65307102856
2017-07-17,406978.8880303289,203184.9183469379,19900,71089.16102833718,112804.80865505387
2017-07-18,412836.86498660094,204542.43328500798,19900,72352.40936893772,116042.02233265528
2017-07-19,418088.4507667755,205742.76090576572,19900,73523.93590751132,118921.75395349853
2017-07-20,419299.14660768246,206014.26825424304,19900,73847.7574217128,119537.12093172662
2017-07-21,418931.5895570413,205928.5336819484,19900,73826.64143060001,119276.4144444929
2017-07-24,422950.4269185715,206871.65758582228,19900,74733.4379030005,121445.33142974872
2017-07-25,420870.2976654611,206342.9247161446,19900,74534.65269216281,120092.72025715368
2017-07-26,423554.91117451224,207014.54127154118,19900,74942.99653494875,121697.37336802235
2017-07-27,418323.02800135897,205714.19725121182,19900,74260.54068527823,118448.29006486895
2017-07-28,417597.3833338955,205542.7063023061,19900,74176.97491010325,117977.70212148613
2017-07-31,414036.7359608727,204671.0351434499,19900,73768.64807662048,115697.05274080233
2017-08-01,417459.05512866785,205892.59709538682,20050,74599.698977046,116916.759056235
2017-08-02,419824.3435805004,206451.93109208436,20050,74985.94189437643,118336.47059403961
2017-08-03,416412.7218483387,205648.78708493232,20050,74565.756708452,116148.17805495439
2017-08-04,417947.791673335,206021.66912138637,20050,74804.88408066625,117071.2384712824
2017-08-07,423500.5270827392,207326.78907502483,20050,75767.78219939733,120355.95580831707
2017-08-08,422028.657350663,206968.24108011535,20050,75674.10072002665,119336.31555052099
2017-08-09,420858.3929727819,206695.74110253886,20050,75564.55120564297,118548.10066460006
2017-08-10,401278.31310147105,202264.0931376253,20050,72061.48994112808,106902.73002271769
2017-08-11,407987.5839475175,203798.68906017375,20050,73336.22110890967,110802.67377843411
2017-08-14,419450.8685475737,206423.24112496237,20050,75466.30946329712,117511.3179593142
2017-08-15,420085.5381255244,206566.66907653934,20050,75639.02612263638,117829.84292634865
2017-08-16,421814.48987891193,206925.21707144883,20050,76117.46039472385,118721.81241273928
2017-08-17,402893.45500457217,202694.3551083233,20050,72579.45487731804,107569.64501893082
2017-08-18,402134.9702070026,202550.92715674633,20050,72396.2198807719,107137.82316948441
2017-08-21,400973.8332365473,202292.78310474727,20050,72344.74902582876,106286.30110597126
2017-08-22,414766.04747740354,205376.28710735583,20050,75098.83007630493,114240.9302937428
2017-08-23,411381.36315318855,204644.8570759923,20050,74429.19769648349,112257.30838071274
2017-08-24,408616.0326274035,204042.49907062828,20050,73902.2383190059,110621.2952377693
2017-08-25,406567.1945756457,203612.2370999303,20050,73465.38168009243,109439.57579562304
2017-08-28,409218.86817130673,204243.2850724163,20050,74032.612367062,110892.9707318284
2017-08-29,412668.57624614297,205046.4290795683,20050,74639.22259858686,112932.92456798776
2017-08-30,422884.9395777716,207455.86110102438,20050,76117.42680262862,119261.65167411862
2017-08-31,432191.2091264268,209678.86304626986,20050,77261.0300986822,125201.31598147472
2017-09-01,432600.2986577584,210142.02902714885,20200,77779.6318168726,124478.6378137369
2017-09-05,424400.5129431239,208256.511595755,20200,76961.91944615073,118982.08190121817
2017-09-06,427129.5659367292,208889.81985475504,20200,77380.69426629264,120659.05181568154
2017-09-07,429217.30882791127,209379.18643219434,20200,77692.48199022182,121945.64040549511
2017-09-08,421543.86628958187,207565.63984158088,20200,76894.76908081725,116883.45736718373
2017-09-11,431824.6559003057,209954.90923360325,20200,78396.84536088238,123272.90130582007
2017-09-12,434075.8095730477,210458.68315664888,20200,78805.54084797359,124611.58556842517
2017-09-13,435338.35821075155,210746.54455735334,20200,79042.1113892898,125349.70226410842
2017-09-14,429998.27236241865,209508.72076814878,20200,78463.91334797694,121825.63824629293
2017-09-15,433058.6267783239,210228.38525111848,20200,78868.35905329559,123761.88247390979
2017-09-18,430294.42390162876,209494.33538495953,20200,79089.0459828426,121511.04253382662
2017-09-19,431864.09173720214,209854.1676264444,20200,79366.70934290026,122443.21476785748
2017-09-20,429112.60338774335,209206.47398425508,20200,79131.154572603,120574.97483088529
2017-09-21,423404.41709599365,207925.47208306572,20200,78303.2046408262,116975.74037210175
2017-09-22,422538.188457787,207723.9669063309,20200,78259.15556015678,116355.0659912993
2017-09-25,412560.78239330696,205536.18072862626,20200,76604.16996273515,110220.43170194552
2017-09-26,414935.72539459297,206068.72541805037,20200,77083.40482960656,111583.595146936
2017-09-27,423498.71699563094,207925.47208306572,20200,78810.98167591105,116562.26323665418
2017-09-28,423134.80842975376,207853.50124228533,20200,78785.26578512821,116296.0414023402
2017-09-29,430102.87981919164,209350.39370339876,20200,80198.55158785911,120353.93452793374
2017-10-02,432369.28557177057,210287.51349694436,20350,80945.43231148335,120786.33976334287
2017-10-03,434274.1289826246,210735.2990098368,20350,81264.53696024617,121924.29301254165
2017-10-04,435150.42703153845,210937.5254363375,20350,81458.83767192526,122404.06392327567
2017-10-05,443751.4925260178,213003.144402263,20350,82449.52620337934,127948.82192037551
2017-10-06,444933.44461875246,213292.03614854577,20350,82615.9432997965,128675.4651704102
2017-10-09,443905.43632082664,213046.47706215404,20350,82700.28645204665,127808.67280662592
2017-10-10,444548.9758123879,213205.37082876367,20350,82814.46508102847,128179.13990259581
2017-10-11,447155.112309712,213840.92385417488,20350,83104.06936994333,129860.11908559377
2017-10-12,445539.9786181886,213450.92991515543,20350,83015.83992766819,128723.20877536498
2017-10-13,448906.0616371601,214274.27249411278,20350,83356.273211992,130925.5159310553
2017-10-16,451882.2323458204,215010.97179431544,20350,83750.30599667614,132770.95455482882
2017-10-17,452978.57718751056,215285.40462661628,20350,83874.4863050374,133468.68625585688
2017-10-18,451914.8089027328,215025.40866726998,20350,83857.81249460837,132681.5877408545
2017-10-19,448682.28552324907,214230.93983422173,20350,83684.15863794506,130417.18705108225
2017-10-20,451011.4925497178,214808.74536781476,20350,83901.7697711473,131950.97741075573
2017-10-23,445328.5863180534,213407.59725526438,20350,83680.5915170416,127890.39754574744
2017-10-24,446817.4489416761,213768.71744837472,20350,83880.54812531955,128818.18336798185
2017-10-25,443490.1646741824,212959.7897013445,20350,83647.72562606537,126532.6493467726
2017-10-26,440698.84655491286,212280.90401604227,20350,83454.04277453785,124613.89976433277
2017-10-27,465299.63800500846,218463.27995880932,20350,84733.35543612842,141753.00261007075
2017-10-30,467098.3566864766,218954.39813159284,20350,84838.03215043618,142955.92640444756
2017-10-31,470229.5826764517,219777.7407105502,20350,84859.9854408533,145241.8565250482
2017-11-01,471395.2089200587,220455.53430475004,20500,85348.78494953849,145090.8896657702
2017-11-02,469612.4804072281,220035.1925154132,20500,85355.46371026966,143721.8241815453
2017-11-03,478196.8756018186,222151.34338509204,20500,85361.44528473578,150184.0869319908
2017-11-06,481076.0297781087,222905.02156550984,20500,85367.30624822946,152303.7019643694
2017-11-07,481537.1822296294,223035.4854303577,20500,85367.30624822946,152634.39055104228
2017-11-08,485182.8381698518,223934.11363115397,20500,85367.30624822946,155381.41829046843
2017-11-09,480243.428881485,222760.09366139933,20500,85367.30624822946,151616.02897185626
2017-11-10,480105.43970511784,222745.5853896007,20500,85367.30624822946,151492.54806728763
2017-11-13,481008.6787154594,223020.97715855905,20500,85367.30624822946,152120.3953086709
2017-11-14,477582.0022506047,222209.31012348266,20500,85367.30624822946,149505.3858788926
2017-11-15,473219.88176117395,221165.73190230786,20500,85367.30624822946,146186.84361063666
2017-11-16,484799.2392934688,223992.08036954456,20500,85367.30624822946,154939.8526756948
2017-11-17,481175.3326184035,223136.93275160823,20500,85367.30624822946,152171.09361856582
2017-11-20,480221.1132866567,222963.01042016843,20500,85367.30624822946,151390.79661825884
2017-11-21,490211.2357216083,225383.52536986693,20500,85367.30624822946,158960.4041035119
2017-11-22,491286.44143670576,225658.9171388253,20500,85367.30624822946,159760.218049651
2017-11-24,494599.604112656,226485.07032943232,20500,85367.30624822946,162247.22753499422
2017-11-27,493938.46225341415,226383.62300818175,20500,85367.30624822946,161687.53299700294
2017-11-28,496302.36354526796,226963.37885715975,20500,85367.30624822946,163471.67843987874
2017-11-29,479694.31352057675,223006.49100302838,20500,85367.30624822946,150820.51626931893
2017-11-30,487385.87632198306,224876.2224148102,20500,85367.30624822946,156642.34765894336
2017-12-01,484822.514764512,224669.6274756233,20650,85847.30624822946,153655.58104065928
2017-12-04,473811.3544986868,222081.03502024023,20650,85847.30624822946,145233.0132302171
2017-12-05,474393.2304558199,222226.44834820263,20650,85911.09690452983,145605.68520308746
2017-12-06,478708.0086064874,223229.8957296248,20650,86150.8360139442,148677.2768629184
2017-12-07,481933.99506777816,223986.1204822008,20650,86310.08036385343,150987.79422172395
2017-12-08,486156.27131645626,224975.01099758552,20650,86476.39033955251,154054.8699793182
2017-12-11,493496.7166050585,226720.12626554625,20650,86705.88514867364,159420.70519083866
2017-12-12,492121.0368560236,226414.742743584,20650,86705.11360340392,158351.18050903568
2017-12-13,493928.61944160354,226851.02710816034,20650,86747.719169427,159679.8731640162
2017-12-14,493179.22390172764,226691.05691416052,20650,86758.54093665109,159079.62605091603
2017-12-15,504176.39629473817,229265.09250350614,20650,86862.88474110061,167398.4190501314
2017-12-18,510172.6200641227,230704.82424950463,20650,86905.21729583551,171912.57851878257
2017-12-19,504195.689943186,229337.81026265962,20650,86898.78230767939,167309.09737284703
2017-12-20,503053.97328026284,229090.58763381344,20650,86900.12562092439,166413.260025525
2017-12-21,503100.2040260366,229119.67917554374,20650,86903.90223444614,166426.62261604675
2017-12-22,501897.6031151677,228857.89968066014,20650,86905.73226512139,165483.97116938618
2017-12-26,496294.4205377486,227621.7865364292,20650,86911.59087707305,161111.04312424632
2017-12-27,496338.00661498203,227650.85588781495,20650,86914.0708397795,161123.0798873876
2017-12-28,497434.9134450895,227927.17005839144,20650,86916.20612746688,161941.53725923115
2017-12-29,491356.99294448097,226516.52985412325,20650,86914.66736450598,157275.79572585176
2018-01-02,509509.48162701656,231236.69316238875,20800,87398.1667614081,170074.62170321972
2018-01-03,519471.81728026376,233483.54118204504,20800,87398.16679058653,177790.10930763217
2018-01-04,521220.86904366274,233892.05900380074,20800,87398.16679058685,179130.64324927516
2018-01-05,531789.3034508864,236241.04761017175,20800,87398.16679058685,187350.08905012783
2018-01-08,535719.3856504898,237160.22384039787,20800,87398.16679058685,190360.9950195051
2018-01-09,535694.5477230378,237174.80581169215,20800,87398.16679058685,190321.5751207588
2018-01-10,533063.6891329413,236620.3792267873,20800,87398.16679058685,188245.1431155672
2018-01-11,540407.5152190928,238239.8685425158,20800,87398.16679058685,193969.47988599015
2018-01-12,548417.0849312078,239990.68465009914,20800,87398.16679058685,200228.23349052184
2018-01-16,544870.4213480592,239304.95353589105,20800,87398.16679058685,197367.30102158128
2018-01-17,556807.8371660365,241887.36499572845,20800,87398.16679058685,206722.30537972122
2018-01-18,556921.7933428257,241931.15543471448,20800,87398.16679058685,206792.47111752437
2018-01-19,560390.4048403602,242689.81866794557,20800,87398.16679058685,209502.4193818277
2018-01-22,572386.1913600271,245286.83436162886,20800,87398.16679058685,218901.1902078114
2018-01-23,581961.0270140616,247314.84149911304,20800,87398.16679058685,226448.01872436178
2018-01-24,574215.767797885,245709.95641723042,20800,87398.16679058685,220307.64459006776
2018-01-25,573708.967557094,245622.42006436156,20800,87398.16679058685,219888.38070214557
2018-01-26,591637.9651719205,249386.61681303164,20800,87398.16679058685,234053.18156830204
2018-01-29,585545.1448270433,248175.66758161044,20800,87398.16679058685,229171.31045484598
2018-01-30,575686.6157620747,246133.0562102804,20800,87398.16679058685,221355.39276120745
2018-01-31,580471.5914573182,247154.35076466962,20800,87398.16679058685,225119.0739020617
2018-02-01,571870.9091167253,245803.41150816245,20950,87878.16679058685,217239.33081797606
2018-02-02,546784.0477801625,240900.79841039027,20950,87878.16679058685,197055.08257918546
2018-02-05,495269.51131281944,231402.9094656482,20950,82890.97086759302,160025.6309795782
2018-02-06,527505.310673723,237534.8269052547,20950,85786.85319140619,183233.63057706214
2018-02-07,510942.9656059581,234461.5660506689,20950,84271.74204226455,171259.65751302463
2018-02-08,457566.95104724925,224568.5355922346,20950,76732.77474264154,135315.6407123731
2018-02-09,477595.27369703416,228446.72840514482,20950,79400.43874795822,148798.10654393112
2018-02-12,499125.9661794532,232500.5074131476,20950,82399.74720418184,163275.7115621237
2018-02-13,505379.4163411232,233700.55855447685,20950,83065.7641944331,167663.0935922132
2018-02-14,528778.3583849088,238076.3014135344,20950,85351.12265479928,184400.93431657506
2018-02-15,552279.7884631201,242495.9687347244,20950,86882.68911852529,201951.13060987042
2018-02-16,546523.519964216,241413.01971816493,20950,86715.98982884028,197444.51041721093
2018-02-20,549099.961753186,241895.94316405975,20950,87337.58844641106,198916.43014271508
2018-02-21,545425.9014891068,241208.13566119256,20950,87248.90152152142,196018.86430639282
2018-02-22,545293.4851270103,241178.8601300001,20950,87383.76069113384,195780.86430587628
2018-02-23,571410.5079808703,246110.72642827732,20950,88459.64962228017,215890.1319303129
2018-02-26,588586.832103367,249374.244739583,20950,88958.36825985058,229304.2191039334
2018-02-27,572184.7943321517,246286.33495405724,20950,88805.37716269055,216143.08221540388
2018-02-28,563830.066788141,244705.81356066305,20950,88722.13863605342,209452.11459142462
2018-03-01,544341.7994978662,241460.54095367042,21100,88604.64504514486,193176.61349905096
2018-03-02,555387.3072756724,243677.2711599206,21100,89212.71119727314,201397.3249184787
2018-03-05,568469.8195291125,246378.42949309447,21100,89600.72354849192,211390.66648752618
2018-03-06,573437.7949869012,247420.71381501062,21100,89609.02914395055,215308.05202794008
2018-03-07,576126.3387656173,247993.24218345794,21100,89609.05811253045,217424.03846962893
2018-03-08,582717.5212240475,249358.51592376456,21100,89609.05811253045,222649.94718775252
2018-03-09,607128.1290298135,254202.99879538463,21100,89609.05811253045,242216.07212189838
2018-03-12,613604.6903950381,255553.57796197155,21100,89609.05811253045,247342.05432053612
2018-03-13,596460.7034168049,252074.36883065812,21100,89609.05811253045,233677.27647361634
2018-03-14,596123.5688709947,252030.30750976386,21100,89609.05811253045,233384.20324870048
2018-03-15,594896.717224767,251810.11290661673,21100,89609.05811253045,232377.54620561976
2018-03-16,591113.3296811653,251061.4288556517,21100,89609.05811253045,229342.8427129832
2018-03-19,563700.3576619072,245306.77842400377,21100,89609.05811253045,207684.52112537305
2018-03-20,567825.2174237691,246114.1735690531,21100,89948.87316883077,210662.1706858852
2018-03-21,561871.2545566931,245042.52249996242,21100,89637.53993507229,206091.1921216584
2018-03-22,531530.2087529304,238994.27179736338,21100,86836.83508672442,184599.10186884255
2018-03-23,500116.2518647651,232696.43734417783,21100,82779.95289096402,163539.8616296232
2018-03-26,546214.6047577471,241343.09636523703,21100,87581.35650696189,196190.15188554832
2018-03-27,507879.10362386005,233533.22163666654,21100,82914.80977610336,170331.07221109013
2018-03-28,494429.74134727084,230846.73547694756,21100,81169.36503536948,161313.6408349538
2018-03-29,516335.2348731507,235074.65105949086,21100,84009.19435262734,176151.38946103252
2018-04-02,484595.6650223161,229042.36607911682,21250,79770.15887160297,154533.1400715963
2018-04-03,496589.528595249,231619.84762240652,21250,81786.96642525899,161932.71454758348
2018-04-04,513692.96865946334,235272.5233620731,21250,84465.6063705348,172704.8389268555
2018-04-05,519903.6502702901,236612.79668445353,21250,85444.64715947444,176596.2064263622
2018-04-06,493164.60262497625,230691.969549044,21250,81180.29488094967,160042.33819498256
2018-04-09,500841.1313022245,232312.0873205128,21250,82794.82321420306,164484.2207675086
2018-04-10,525034.1595911462,237437.6096563449,21250,86530.45750314879,179816.0924316525
2018-04-11,518891.7605777136,236067.85063550604,21250,85823.71818709013,175750.19175511747
2018-04-12,532179.7549482761,238910.45625251043,21250,87854.46395500778,184164.83474075794
2018-04-13,526682.1121148664,237673.24803160116,21250,87328.82700887439,180430.03707439077
2018-04-16,535657.6514202008,239484.86552606078,21250,89331.70544365377,185591.08045048625
2018-04-17,559554.3098955814,244639.8286126402,21250,92255.86673915609,201408.61454378517
2018-04-18,562103.0138389021,245140.59106161117,21250,92858.83063453404,202853.5921427569
2018-04-19,552616.8740494549,242887.13756738632,21250,92461.23790504262,196018.49857702592
2018-04-20,535462.4953962228,239043.00705244002,21250,90531.95487926145,184637.53346452134
2018-04-23,532620.2337346764,238439.1345542868,21250,90315.35507293562,182615.74410745394
2018-04-24,510081.71762287733,233387.28151688963,21250,87282.94697183424,168161.4891341535
2018-04-25,511366.6479365685,233667.10349212243,21250,87608.9109088441,168840.63353560196
2018-04-26,533825.8066728151,238586.42820344557,21250,90464.41668431554,183524.96178505404
2018-04-27,534608.4404666778,238733.6993787488,21250,90773.40149169823,183851.33959623083
2018-04-30,527199.2623190022,237039.93478270064,21250,90229.50226148817,178679.82527481337
2018-05-01,540971.1135942957,240499.9671259199,21400,92308.89494201385,186762.25152636186
2018-05-02,534509.7644185062,239081.62387049032,21400,91676.11430402732,182352.0262439885
2018-05-03,534456.2034637451,239052.068477289,21400,91853.22633445318,182150.90865200298
2018-05-04,555946.5525088927,243587.840662751,21400,94414.51562582103,196544.19622032074
2018-05-07,565947.2028955249,245611.9680300897,21400,96217.280508051,202717.9543573843
2018-05-08,564995.2522529559,245360.80354827736,21400,96404.80990442267,201829.63880025593
2018-05-09,577566.4012804024,248034.99175692818,21400,97749.47107928677,210381.93844418746
2018-05-10,589898.5550019678,250605.74736145415,21400,99194.89162296617,218697.9160175475
2018-05-11,588928.1099388398,250369.37184832228,21400,99320.09234784651,217838.64574267095
2018-05-14,591138.7359144604,250797.8236010234,21400,99987.23334464322,218953.67896879374
2018-05-15,578760.8030755037,248020.20278824773,21400,99306.29652695336,210034.3037603026
2018-05-16,586351.2646682766,249660.1776764479,21400,100038.88039301094,215252.20659881787
2018-05-17,581392.6843336434,248699.84156692078,21400,99995.48932977376,211297.3534369489
2018-05-18,575619.2652794587,247414.4637646578,21400,99767.62808768099,207037.17342712
2018-05-21,582359.5349664266,248803.25162688605,21400,100909.75096633176,211246.53237320876
2018-05-22,580982.5289289341,248478.2099341502,21400,101059.29446478488,210045.02452999906
2018-05-23,590445.6907430956,250576.2145124124,21400,101648.01602994307,216821.46020074005
2018-05-24,533193.6006701232,250502.33730148888,21400,44816.96740257426,216474.2959660602
2018-05-25,534188.9705893064,250753.5017833012,21400,44898.96226167704,217136.50654432824
2018-05-29,528718.4461347435,249645.41125192703,21400,44483.129913831595,213189.9049689849
2018-05-30,536970.9755946586,251433.11801781468,21400,45168.37430885004,218969.48326799387
2018-05-31,536115.4096734788,251270.61971560633,21400,45098.09450705447,218346.69545081802
2018-06-01,556217.2880949714,255965.4193019993,21550,47100.86266957949,231601.00612339267
2018-06-04,567296.1856819182,258277.01717451034,21550,47979.384124402626,239489.7843830053
2018-06-05,571246.0599145787,259077.17697252956,21550,48342.50541020396,242276.37753184512
2018-06-06,578728.5146367522,260588.6150470214,21550,48928.18555985474,247661.71402987602
2018-06-07,568069.7666055526,258469.6352569463,21550,48090.66346424386,239959.46788436247
2018-06-08,568003.1481121673,258484.467685879,21550,48067.23590967993,239901.4445166084
2018-06-11,570191.0434611185,259180.91353341888,21550,48342.50635665431,241117.62357104523
2018-06-12,576945.2174232109,260544.16298104307,21550,48904.758738530516,245946.29570363727
2018-06-13,576653.0883261687,260529.3531625203,21550,48863.7613132431,245709.9738504053
2018-06-14,590058.3322839318,263166.94792581216,21550,49958.98250817588,255382.40184994377
2018-06-15,585252.7764404316,262248.2191379709,21550,49590.005644740915,251864.55165771983
2018-06-18,581437.2120480496,261536.9634719082,21550,49508.00855208731,248842.24002405404
2018-06-19,577216.646904554,260796.06555839005,21550,49180.02911567785,245690.55223048612
2018-06-20,586486.8747101056,262648.31034218543,21550,49941.41282273678,252347.15154518333
2018-06-21,574754.4609171331,260366.35471712993,21550,48980.89778606021,243857.208413943
2018-06-22,571601.3631414208,259788.45524900215,21550,48617.776738236884,241645.13115418176
2018-06-25,542887.828588951,253935.34364388077,21550,46333.623382868,221068.86156220222
2018-06-26,547829.5367844228,254972.61881113416,21550,46702.602483022856,224604.31549026578
2018-06-27,530448.7966166126,251505.19939195763,21550,45343.82478711073,212049.77243754425
2018-06-28,540708.3440212264,253668.63124801102,21550,46140.34787138943,219349.36490182596
2018-06-29,543351.7265333261,254350.24466661815,21550,46292.6259533166,221158.85591339134
2018-07-02,553095.9400909449,256804.32343395584,21700,47522.295789904725,227069.32086708432
2018-07-03,538389.7181054015,253832.051224481,21700,46345.07973526099,216512.58714565955
2018-07-05,553722.8904443505,256982.6525100004,21700,47557.437401556446,227482.8005327937
2018-07-06,573682.3970487431,260980.36226000608,21700,49097.77673850492,241904.25805023208
2018-07-09,585218.3174742286,263328.4600266877,21700,50093.431152413716,250096.42629512717
2018-07-10,586053.8905994701,263521.6649768275,21700,50181.28406385429,250650.9415587883
2018-07-11,579211.182018005,262184.12887658144,21700,49642.45719316268,245684.59594826098
2018-07-12,602280.9669356323,266701.9953339001,21700,51434.63915972201,262444.33244201017
2018-07-13,603332.420518972,266924.90667895577,21700,51545.91981209821,263161.594027918
2018-07-16,599669.1760833713,266285.8563620673,21700,51288.21913012695,260395.10059117703
2018-07-17,607964.4934169162,267905.76195047545,21700,51991.033484832136,266367.6979816086
2018-07-18,605176.3055011858,267400.45844062034,21700,51745.048907523786,264330.79815304163
2018-07-19,598185.1747220043,266062.9450170116,21700,51176.93847775116,259245.2912272416
2018-07-20,597741.2029173224,266003.5095505425,21700,51124.22941192139,258913.46395485845
2018-07-23,601739.6139951256,266850.59533839143,21700,51452.208848332506,261736.80980840165
2018-07-24,607322.7344026808,267950.3442194866,21700,51938.324419002354,265734.0657641919
2018-07-25,626917.0533608294,271695.4135528834,21700,53548.94474455438,279972.6950633915
2018-07-26,605739.948185832,267578.8101933022,21700,51791.904389406714,264669.2336031231
2018-07-27,587235.7855012954,263967.48766693886,21700,50187.13988199389,251381.1579523626
2018-07-30,568302.0635854227,260237.29420763734,21700,48599.94729738335,237764.82208040208
2018-07-31,578132.9900629832,262228.71114559256,21700,49302.76388628087,244901.51503110977
2018-08-01,584652.4534309857,263974.41961457016,21850,50274.735275089915,248553.29854132564
2018-08-02,603268.8062594436,267566.218030968,21850,51727.22170057555,262125.3665279001
2018-08-03,607380.6599148212,268385.926366427,21850,52066.91724164976,265077.8163067444
2018-08-06,615347.1150045529,269965.7154813573,21850,52769.731596354955,270761.6679268406
2018-08-07,620322.4235579732,270949.36548390804,21850,53150.42456698757,274372.6335070776
2018-08-08,621883.5225297362,271277.24881809164,21850,53255.84716705517,275500.4265445894
2018-08-09,620930.7349005624,271113.30715099984,21850,53220.707789843465,274746.7199597191
2018-08-10,609245.545616488,269041.6930347941,21850,52301.19018272059,266052.66239897325
2018-08-13,607281.3068009473,268743.62347860436,21850,52189.90953034522,264497.77379199764
2018-08-14,615819.970529522,270427.72670463886,21850,52898.58193738195,270643.6618875013
2018-08-15,598637.0955087102,267119.1023260586,21850,51475.37907097696,258192.61411167466
2018-08-16,603076.0869206623,267998.4382175052,21850,51820.932664382715,261406.71603877435
2018-08-17,602530.6264188587,268058.0430322434,21850,51815.074612051176,260807.50877456408
2018-08-20,600950.5382016476,267819.5782907918,21850,51738.933336895236,259542.0265739605
2018-08-21,605952.1542211878,268803.2282933426,21850,52131.34241218391,263167.5835156613
2018-08-22,611022.5022729468,269846.4831106315,21850,52576.45608491768,266749.5630773975
2018-08-23,608815.3478902754,269458.9949617097,21850,52383.1850418238,265123.1678867419
2018-08-24,621988.3870516825,271962.8065232032,21850,53454.9762624915,274720.60426598776
2018-08-27,636494.1448958265,274734.8966041421,21850,54649.76424019807,285259.48405148636
2018-08-28,638530.1579128057,275137.3030126855,21850,54831.32811539825,286711.5267847219
2018-08-29,655684.4822279698,278311.7995021678,21850,56266.24261808163,299256.4401077204
2018-08-30,652740.8249382789,277819.9745008924,21850,56026.11162472013,297044.7388126663
2018-08-31,654396.0827513651,278177.64887182036,21850,56149.108381759,298219.3254977859
2018-09-04,649031.7978668424,277735.3706470612,22000,56125.423122479224,293171.0040973019
2018-09-05,628850.4829648237,274148.7824823832,22000,54462.08926271274,278239.61121972784
2018-09-06,615277.2039313033,271697.9574977918,22000,53366.87030110357,268212.376132408
2018-09-07,609485.0233126989,270651.87783415394,22000,52980.31927814643,263852.82620039856
2018-09-10,613838.5951520518,271563.46642735833,22000,53320.01481922064,266955.1139054728
2018-09-11,625106.9195934108,273655.625754634,22000,54186.818892093,275264.4749466838
2018-09-12,620512.3166767037,272848.65652920667,22000,53841.26976712818,271822.390380369
2018-09-13,636701.1103946669,275762.74373606435,22000,55012.63000385732,283925.7366547452
2018-09-14,632019.5632401285,274955.774510637,22000,54702.220256100634,280361.5684733908
2018-09-17,610104.9387412152,270995.584837315,22000,52997.888966800514,264111.4649370996
2018-09-18,622353.0316589128,273237.19388917886,22000,53917.406573925415,273198.4311958085
2018-09-19,621054.9697544209,273027.9779564513,22000,53829.553662491584,272197.438135478
2018-09-20,637833.6195074192,276046.684531086,22000,55071.19712208085,284715.7378542524
2018-09-21,629238.7950504995,274537.34264518187,22000,54421.09183320577,278280.3605721118
2018-09-24,630524.2205236938,274806.32478604885,22000,54766.64542661155,278951.2503110334
2018-09-25,632209.7316548409,275179.9262946928,22000,54930.635144817104,280099.17021533096
2018-09-26,633020.9148774974,275374.20637609216,22000,54889.63771526572,280757.07078613946
2018-09-27,646073.2288144061,277705.4761415783,22000,56014.1424701479,290353.61020267993
2018-09-28,645551.5111884624,277645.68713061244,22000,55949.717299655036,289956.106758195
2018-10-01,649748.0385829997,278963.56872065575,22150,56669.848293016534,291964.6215693274
2018-10-02,646146.7355591236,278334.2289278992,22150,56429.717299655036,289232.7893315693
2018-10-03,647666.5919025182,278633.91127716936,22150,56552.70958830921,290329.97103703965
2018-10-04,618712.6686493834,273284.5116065901,22150,54168.99168522761,269109.16535756557
2018-10-05,600592.7411784262,269942.9859625504,22150,52687.22170066131,255812.53351521445
2018-10-08,591444.4426908821,268294.72160941595,22150,52007.832852705236,248991.88822876092
2018-10-09,595872.8447893396,269163.8164273076,22150,52294.817093757316,252264.21126827467
2018-10-10,538513.940286237,257326.16928460842,22150,47427.81450568907,211609.95649593955
2018-10-11,522767.524249817,254134.5191116502,22150,46104.17618699679,200378.82895117
2018-10-12,559454.5698497342,261207.13230305343,22150,48751.45059018901,227345.98695649183
2018-10-15,543263.868087972,258045.43436001387,22150,47468.81193524046,215599.6217927177
2018-10-16,582923.151436905,265552.5835282141,22150,50285.93407481219,244934.6338338788
2018-10-17,583394.8952021364,265657.4620615247,22150,50403.068323793595,245184.3648168181
2018-10-18,552740.2049261357,259498.89489718876,22150,47931.49976211088,223159.8102668361
2018-10-19,551308.1471362823,259259.16273635125,22150,47796.79360478176,222102.19079514933
2018-10-22,557614.7437458182,260592.76862525623,22150,48294.620812827365,226577.3543077345
2018-10-23,552550.4110243486,259633.7713890133,22150,47925.64171291251,222840.9979224228
2018-10-24,498810.396700052,247751.17303713848,22150,43415.90435456264,185493.3193083509
2018-10-25,541883.6929801676,256322.22083918986,22150,46356.0188158152,217055.45332516253
2018-10-26,511104.84884421283,249729.11769805694,22150,43902.0199251894,195323.71122096648
2018-10-29,486221.6944500819,244589.47509409892,22150,42344.1108997097,177138.10845627327
2018-10-30,504967.6079103583,248620.26785503014,22150,43410.04853643036,190787.2915188978
2018-10-31,533612.4513379302,254464.17655513663,22150,45342.79248025093,211655.48230254263
2018-11-01,551847.4634277613,258570.65544983806,22300,47158.14466940817,223818.66330851516
2018-11-02,534414.0038839502,254543.1797285186,22300,45729.08375068091,211841.74040475063
2018-11-05,531205.3117762862,253912.0091870048,22300,45430.387873350715,209562.91471593073
2018-11-06,539473.3276077772,255835.58310327824,22300,46068.77929175539,215268.9652127435
2018-11-07,575787.4422442309,263860.495184995,22300,48903.47115409462,240723.4759051413
2018-11-08,568250.2683993133,262177.37374095817,22300,48329.50490618281,235443.38975217237
2018-11-09,548832.3836647441,257759.1570195517,22300,46648.6013578064,222124.62528738598
2018-11-12,515885.0469843672,249959.65479880065,22300,43890.048536430746,199735.34364913582
2018-11-13,516589.7996456507,250170.04497930524,22300,43878.334665960014,200241.4200003855
2018-11-14,508375.6364055445,248261.49074349288,22300,43152.09257031336,194662.0530917383
2018-11-15,527058.6101145621,252604.5632009742,22300,44645.5764253504,207508.47048823754
2018-11-16,522984.85811591794,251717.92050676263,22300,44323.452807078465,204643.48480207683
2018-11-19,489497.27341635816,243542.71989719552,22300,41535.6141924298,182118.93932673283
2018-11-20,471917.4098664576,239184.6277592531,22300,40077.27274364651,170355.50936355797
2018-11-21,479101.0657622225,241002.99511986936,22300,40633.6670376016,175164.40360475154
2018-11-23,471864.76623035944,239259.77202317832,22300,40071.41487476044,170233.5793324207
2018-11-26,494680.8197071929,244790.04129976203,22300,41775.74390692085,185815.03450051002
2018-11-27,498018.4907364466,245616.58234131936,22300,42051.01429845565,188050.89409667155
2018-11-28,532253.3545488948,253521.26818691776,22300,44592.86554303882,211839.2208189382
2018-11-29,528290.6169524915,252694.72714536046,22300,44323.453571545535,208972.43623558554
2018-11-30,536007.37324853,254528.13711724765,22300,44932.55921105838,214246.67692022392
2018-12-03,556726.0884764531,259726.41613038618,22450,46935.32896377714,227614.34338228972
2018-12-04,516103.83736895665,249764.18232951066,22450,43503.243251137836,200386.41178830815
2018-12-06,523066.2505861408,251527.54000414928,22450,43907.36173335844,205181.34884863303
2018-12-07,490155.24337351567,243223.17563954144,22450,41148.80891293886,183333.25882103533
2018-12-10,500204.7303023352,245770.25550198098,22450,41945.33423142976,190039.14056892446
2018-12-11,503417.26483091887,246584.10404519195,22450,42226.46042015056,192156.7003655764
2018-12-12,512164.3074026045,248754.397490045,22450,42894.13539763592,198065.77451492357
2018-12-13,512346.6297118088,248829.75937300586,22450,42899.993449967464,198166.8768888355
2018-12-14,488206.59603554866,242771.02733899408,22450,40850.11303562853,182135.45566092606
2018-12-17,466773.3563999318,237269.9318439006,22450,39227.77883960578,167825.6457164254
2018-12-18,472357.3290521158,238762.01433654153,22450,39620.18344650976,171525.13126906447
2018-12-19,450166.919441788,232899.21859878444,22450,37892.426650442765,156925.27419256078
2018-12-20,437544.891651589,229523.20401821105,22450,37002.194836590555,148569.4927967874
2018-12-21,412200.9442575644,222409.49761161854,22450,34946.45636992008,132394.99027602572
2018-12-24,391134.3559615682,216275.40369464588,22450,33523.253503515094,118885.6987634072
2018-12-26,443224.51940700447,229779.43901972158,22450,36726.92024239174,154268.16014489112
2018-12-27,446489.41907168104,230668.64944589342,22450,37025.616675790756,156345.15294999687
2018-12-28,445872.3700419491,230548.0750325996,22450,36937.767633363655,155936.5273759859
2018-12-31,452886.1409653913,232492.28282857002,22450,37418.02646819118,160525.8316686301
2019-01-02,457739.46007083385,234176.72878229266,22600,38208.436658033614,162754.2946305076
2019-01-03,432169.2450539274,226526.07254158275,22600,36076.5616912151,146966.61082112958
2019-01-04,465921.61839850876,236217.89891360374,22600,38618.4129073736,168485.30657753136
2019-01-07,475433.3298164996,239030.1977561481,22600,39332.94385422779,174470.18820612374
2019-01-08,482931.5552620585,241192.35277740972,22600,40000.61885186414,179138.5836327847
2019-01-09,489768.8312970677,243157.94195916358,22600,40562.87125856597,183448.0180793381
2019-01-10,492178.7369765829,243853.4435786238,22600,40797.144243951734,184928.14915400735
2019-01-11,488941.918479019,242961.37611965582,22600,40504.30422267833,182876.23813668493
2019-01-14,481212.4267988269,240814.35574519198,22600,39871.768625086486,177926.30242854846
2019-01-15,497782.8596526287,245516.63974882505,22600,41183.693073311566,188482.52683049208
2019-01-16,497594.5595594795,245471.28195064756,22600,41218.83245053611,188304.44515829583
2019-01-17,504363.3887446288,247406.62490991378,22600,41804.51256891904,192552.25126579602
2019-01-18,513040.5686351041,249856.03829593025,22600,42507.329157816595,198077.20118135723
2019-01-22,495230.92636319634,244851.36128074455,22600,41054.84273233095,186724.7223501208
2019-01-23,496146.8131307631,245168.865867987,22600,41078.270473272416,187299.67678950366
2019-01-24,501648.18049584667,246756.45801752314,22600,41517.53056205933,190774.19191626416
2019-01-25,512145.2730059024,249704.83025459998,22600,42419.47624638228,197420.96650492013
2019-01-28,500988.83274833695,246620.38462299065,22600,41453.105391566474,190315.34273377986
2019-01-29,492577.3734191263,244291.93305581683,22600,40738.61310700523,184946.82725630427
2019-01-30,514890.0086715036,250506.18211721297,22600,42577.62869090325,199206.19786338735
2019-01-31,528386.3546613888,254255.92928801072,22600,43737.26160400787,207793.16376937018
2019-02-01,525923.6360418387,253932.4075652248,22750,43865.87701534348,205375.3514612704
2019-02-04,537559.3357822972,257086.66186397555,22750,44861.54646098268,212861.12745733885
2019-02-05,545866.103446288,259361.36248081445,22750,45605.36058282202,218149.38038265152
2019-02-06,541755.9566763763,258587.9726012917,22750,45376.95219806618,215041.03187701834
2019-02-07,528148.5926294606,255115.25003482495,22750,44205.596233781725,206077.7463608539
2019-02-08,529808.4410365947,255615.68694726363,22750,44346.1588404233,207096.59524890775
2019-02-11,527328.1105946442,255373.0466613325,22750,44281.73455987974,204923.32937343194
2019-02-12,541499.7546272513,259149.05801548754,22750,45476.52250758646,214124.1741041774
2019-02-13,541903.6656348119,259331.02666021025,22750,45535.089681023615,214287.54929357805
2019-02-14,543021.2411989893,259649.49492792625,22750,45640.51230416151,214981.2339669016
2019-02-15,546886.6270814374,260741.353075165,22750,45986.063665998416,217409.21034027397
2019-02-19,548310.2721709557,261256.9463281802,22750,46161.76949098373,218141.55635179175
2019-02-20,548027.8781809075,261211.45416699952,22750,46138.34175004472,217928.08226386315
2019-02-21,544264.4800670545,260256.07250330277,22750,45804.50426130217,215453.90330244962
2019-02-22,551607.110462893,262181.99217127275,22750,46437.037627375306,220238.08066424492
2019-02-25,555057.0504130156,263137.3738349695,22750,46765.01929797878,222404.6572800674
2019-02-26,555762.9936850406,263410.32680205355,22750,46858.72802755229,222743.93885543474
2019-02-27,554882.4183328882,263243.5144979073,22750,46765.01929797878,222123.88453700204
2019-02-28,552367.6714428859,262636.93692253076,22750,46577.60183883175,220403.13268152336
2019-03-01,560818.3616705773,265206.6927881116,22900,47654.99582768504,225056.67305478067
2019-03-04,560452.0837838523,265252.31396520237,22900,47660.85164582423,224638.91817282568
2019-03-05,561086.536679871,265450.0212026453,22900,47736.99877981883,224999.51669740686
2019-03-06,554863.0101587414,263944.4527434273,22900,47209.89822254908,220808.65919276502
2019-03-07,541984.4333237428,260705.2099395377,22900,46114.68587328052,212264.53751092468
2019-03-08,540284.8510974636,260309.81866972655,22900,45950.6991260726,211124.33330166445
2019-03-11,561887.1644020553,265723.7482651896,22900,47748.736696360706,225514.6794405051
2019-03-12,567377.6020498469,267183.6955473169,22900,48246.56446289932,229047.34203963066
2019-03-13,575410.67367474,269191.0969545328,22900,48920.097504527024,234399.47921568019
2019-03-14,573319.0407102174,268734.8851836256,22900,48779.53339329878,232904.62213329304
2019-03-15,583358.0132800805,271228.9434199089,22900,49564.34483826349,239664.72502190815
2019-03-18,583919.6972483279,271381.0062751863,22900,49857.18497453874,239781.5059986028
2019-03-19,587561.6162900511,272293.47622715024,22900,50185.16665342631,242182.97340947457
2019-03-20,591442.9439673058,273373.2083583969,22900,50554.1435209277,244615.59208798123
2019-03-21,609209.4973153858,277646.5853215173,22900,52100.340909599654,256562.57108426883
2019-03-22,584247.6842495904,271548.2916595439,22900,49816.18755519309,239983.20503485345
2019-03-25,581287.032115994,271031.2361824659,22900,49611.20040744551,237744.59552608267
2019-03-26,585766.7478117275,272293.47622715024,22900,50056.31631437163,240516.95527020554
2019-03-27,577429.5918992078,270544.5793533985,22900,49412.069077827764,234572.94346798153
2019-03-28,578950.606968695,271168.0997137381,22900,49617.05622558472,235265.4510293722
2019-03-29,587234.5361480003,273221.14550311945,22900,50349.15637356291,240764.23427131787
2019-04-01,603352.734101627,277590.5570477401,23050,52135.22276945292,250576.954284434
2019-04-02,606858.402888787,278642.7333229457,23050,52515.91574007852,252649.75382576275
2019-04-03,613586.5728838772,280243.87012139166,23050,53119.165547070996,257173.53721541454
2019-04-04,612772.7242082525,280137.1400777303,23050,53066.45424704887,256519.12988347336
2019-04-05,618935.2711804511,281585.7787932992,23050,53599.4230654093,260700.06932174257
2019-04-08,621068.6708020248,282302.47790052794,23050,53880.549254129844,261835.643647367
2019-04-09,616592.7179649454,281311.2868977088,23050,53482.28659490645,258749.14447233008
2019-04-10,622649.550904621,282820.9341536047,23050,54062.11089514996,262716.50585586636
2019-04-11,619556.1855179031,282149.979817651,23050,53786.840524571155,260569.36517568096
2019-04-12,624648.889202571,283369.89467684506,23050,54231.95866568998,263997.0358600359
2019-04-15,624502.1309094066,283415.63944812,23050,54261.24222477142,263775.2492365152
2019-04-16,628620.6090233023,284391.56668188714,23050,54618.50745445556,266560.53488695965
2019-04-17,632449.3068988044,285382.73441676574,23050,54987.48432041808,269029.0881616206
2019-04-18,633930.3890557932,285748.7158549061,23050,55104.62079093307,270027.052409954
2019-04-22,636987.4827351328,286556.90450468485,23050,55420.888591065814,271959.68963938206
2019-04-23,652979.3230124061,290201.38531321497,23050,56855.803093749186,282872.13460544194
2019-04-24,648770.4978032765,289286.46661977493,23050,56475.114591508274,279958.9165919933
2019-04-25,653430.798436512,290460.61343975336,23050,56908.51662796365,283011.668368795
2019-04-26,654522.5384634088,290719.84156629175,23050,57049.078605227754,283703.6182918893
2019-04-29,656342.510917118,291284.06585858413,23050,57259.92380531624,284748.52125321777
2019-04-30,646181.3167032851,289027.21522529586,23050,56352.117834469405,277751.9836435198
2019-05-01,643303.0146407164,288847.0327628037,23200,56387.00416173565,274868.97771617695
2019-05-02,637357.3114939441,287593.3817588847,23200,55918.45827967573,270645.47145538364
2019-05-03,658511.3590872098,292179.9542030782,23200,57698.92637576486,285432.47850836674
2019-05-06,649942.8563270684,290391.19374926435,23200,56990.253968728124,279361.40860907594
2019-05-07,624048.1316087929,284734.4257337952,23200,54729.52835430071,261384.17752069703
2019-05-08,620567.2540809108,284015.8608512571,23200,54407.404736028766,258943.988493625
2019-05-09,613611.1735614791,282487.0033698593,23200,53833.43848811695,254090.73170350285
2019-05-10,614897.0542039342,282838.6340585969,23200,53933.00303582965,254925.41710950757
2019-05-13,572598.3591823396,273023.3718274446,23200,50231.50486638732,226143.4824885078
2019-05-14,585592.3700157332,276019.9194270166,23200,51238.87538494685,235133.57520376978
2019-05-15,602832.7269799345,279918.51067028375,23200,52615.22276946861,247098.99354018213
2019-05-16,615230.4754808003,282731.60283721244,23200,53692.87427665929,255605.99836692854
2019-05-17,602283.5388465229,279842.0631305111,23200,52585.939210388126,246655.5365056237
2019-05-20,581475.5391765208,275117.89911183517,23200,50858.18241432128,232299.4576503643
2019-05-21,593975.9415046973,277992.1586419875,23200,51842.12519193935,240941.65767077054
2019-05-22,588411.2348615031,276753.78781461745,23200,51402.865103152435,237054.58194373333
2019-05-23,570115.4937645704,272518.84605916165,23200,49833.242207151816,224563.405498257
2019-05-24,569311.5671763192,272381.25448467914,23200,49786.38895946123,223943.92373217878
2019-05-28,564432.6475812544,271356.9227715643,23200,49446.693418387025,220429.031391303
2019-05-29,554843.2108662163,269124.78058417735,23200,48661.88197038671,213856.54831165232
2019-05-30,559505.9252109336,270256.1435186767,23200,49025.00301821004,217024.7786740468
2019-05-31,541375.0399472746,265944.7542234482,23200,47537.37721550454,204692.90850832188
2019-06-03,518928.99642596795,260839.2272702729,23350,46137.34233751036,188602.42681818467
2019-06-04,546386.1298126928,268183.5851549223,23350,48368.78439285713,206483.7602649134
2019-06-05,553778.9373251563,270176.8358085913,23350,49024.74549987173,211227.3560166933
2019-06-06,561839.0354072056,272323.3990382136,23350,49727.562088769264,216438.07428022273
2019-06-07,582048.4336244115,277582.49064868054,23350,51502.172132526845,229613.77084320408
2019-06-10,594394.4611606019,280817.6831277585,23350,52702.81816256496,237523.95987027846
2019-06-11,595792.3440365787,281200.99966131855,23350,52831.66626935832,238409.67810590175
2019-06-12,589434.9768316955,279575.74130234955,23350,52251.84420330731,234257.39132603863
2019-06-13,595732.4222876976,281231.671534823,23350,52802.382710277656,238348.36804259685
2019-06-14,591010.448612044,280035.72582177847,23350,52357.26680335155,235267.45598691402
2019-06-17,597275.5780548906,281722.3279277564,23350,52972.23048081476,239231.01964631947
2019-06-18,613301.9318591061,285816.1456986833,23350,54459.85849353593,249675.92766688677
2019-06-19,617463.8745840357,286889.42731349444,23350,54881.54666269836,252342.90060784286
2019-06-20,627948.207944381,289557.3188095546,23350,55877.20330731684,259163.68582750965
2019-06-21,626135.2454357265,289128.00616363017,23350,55707.35556496307,257949.88370713327
2019-06-24,623588.1900910363,288499.36143360345,23350,55695.643932006875,256043.18472542588
2019-06-25,604188.8035857028,283546.8949750431,23350,53798.03936578841,243493.86924487125
2019-06-26,608896.6361272406,284865.50478632096,23350,54243.155272729804,246437.97606818983
2019-06-27,613070.5574098659,285954.1340357766,23350,54629.704061504104,249136.7193125852
2019-06-28,614327.7225497591,286322.12633047666,23350,54781.982143442634,249873.61407583978
2019-07-01,630901.8982944498,290935.9401437968,23500,56702.75693265489,259763.20121799817
2019-07-02,635749.0189355684,292088.8618464336,23500,57159.58671005245,263000.5703790823
2019-07-03,645101.3975138008,294287.1114233788,23500,58002.96304202178,269311.3230484001
2019-07-05,642121.4265199734,293687.59307625773,23500,57751.12041238257,267182.71303133306
2019-07-08,632810.2633825325,291627.71193038055,23500,56937.02540530161,260745.5260468504
2019-07-09,638760.3517560201,293088.0747291367,23500,57505.13583507424,264667.14119180915
2019-07-10,651292.2451915565,296008.80032664904,23500,58641.35669461949,273142.088170288
2019-07-11,650223.8825095047,295793.58921374026,23500,58535.934094575234,272394.3592011892
2019-07-12,657520.556771788,297499.91427189275,23500,59197.75101972904,277322.89148016623
2019-07-15,661026.0217442017,298452.9887067385,23500,59537.44656080323,279535.58647665987
2019-07-16,654268.7681521123,296915.75976988947,23500,58963.478078699074,274889.5303035237
2019-07-17,647810.3312888045,295455.3969711333,23500,58371.944376369676,270482.9899413015
2019-07-18,649167.2786992803,295793.58921374026,23500,58541.79214690678,271331.8973386333
2019-07-19,639615.398886018,293626.0907832826,23500,57587.130694177016,264902.1774085584
2019-07-22,649416.1107960558,295962.68533504376,23500,58494.93666502385,271458.48879598815
2019-07-23,657773.5497304484,297899.5853512228,23500,59256.31814763229,277117.64623159333
2019-07-24,666871.5525094686,299990.2176435875,23500,60111.41469628556,283269.92016959557
2019-07-25,654359.6139196313,297146.35818416806,23500,58940.0553588476,274773.2003766156
2019-07-26,667510.1621380525,300205.4287564963,23500,60123.126863899946,283681.60651765624
2019-07-29,662453.0609069531,299175.4881835577,23500,59742.434509505154,280035.1382138902
2019-07-30,656484.6360062668,297884.22150610504,23500,59197.75189756012,275902.6626026017
2019-07-31,638381.6052467382,293764.4592143506,23500,57505.136739898626,263612.0092924889
2019-08-01,633469.0080371158,293054.0729593424,23650,57446.312106480735,259318.62297129267
2019-08-02,615166.4235058328,288738.8068362594,23650,55712.69949321547,247064.91717635797
2019-08-05,573681.5899497347,278536.22431727615,23650,51917.492594240284,219577.8730382183
2019-08-06,589697.8627257239,282435.3906104854,23650,53246.98449687938,230365.4876183591
2019-08-07,595826.8975487882,283961.160535999,23650,53738.955885688534,234476.78112710064
2019-08-08,622050.0142931524,290141.256568043,23650,55999.68150011284,252259.0762249965
2019-08-09,610491.067045611,287413.396950902,23650,54922.02999292434,244505.6401017846
2019-08-12,596563.9975145273,284115.2872617248,23650,53738.95588568864,235059.75436711375
2019-08-13,622889.3641592562,290341.61660819926,23650,55982.111811506154,252915.63573955084
2019-08-14,587541.5462156485,281664.8040147296,23650,52719.873730850726,229506.86847006815
2019-08-15,586028.4227083959,281341.1708137167,23650,52579.30951939427,228457.94237528488
2019-08-16,604565.5132998344,285856.79697695596,23650,54102.079167704316,240956.63715517413
2019-08-19,623442.7146594574,290403.2531886276,23650,55718.555311395525,253670.90615943435
2019-08-20,614023.4632898138,288153.1534982253,23650,54974.74129294661,247245.56849864195
2019-08-21,624691.5773419972,290711.5066400792,23650,55876.6892114619,254453.38149045603
2019-08-22,620608.2053931488,289771.3900525997,23650,55525.2820341093,251661.53330643981
2019-08-23,583587.7004452803,280601.41426639346,23650,52233.75816018088,227102.52801870595
2019-08-26,600697.213872326,284839.6405430502,23650,53557.39647887316,238650.17685040258
2019-08-27,598017.5468505869,284238.5604225815,23650,53352.4075925684,236776.57883543696
2019-08-28,601983.3891227979,285255.7403729239,23650,53692.10321031039,239385.54553956352
2019-08-29,620256.0734418122,289617.26332687394,23650,55244.15377329644,251744.65634164176
2019-08-30,617099.9351182432,288923.7400939811,23650,54992.31401979805,249533.88100446403
2019-09-03,606499.1234527897,286868.79359754047,23800,54441.51594218324,241388.81391306597
2019-09-04,623185.2089319053,291009.976836419,23800,55888.14654544126,252487.0855500451
2019-09-05,645061.1765049478,296340.95714880875,23800,57867.74594086385,267052.4734152752
2019-09-06,643608.607098592,296047.3628965127,23800,57762.32336876695,265998.9208333123
2019-09-09,640685.7541529868,295429.2871071064,23800,57522.19461771054,263934.27242816985
2019-09-10,637108.0371109274,294579.41521311266,23800,57211.782635941694,261516.839261873
2019-09-11,648361.0714037183,297345.33620111406,23800,58213.295102159704,269002.4401004446
2019-09-12,653316.5751873567,298581.51135800674,23800,58687.69903658828,272247.3647927617
2019-09-13,648819.163771119,297515.3105799128,23800,58277.72027271922,269226.132918487
2019-09-16,642945.1053420699,296186.42641241715,23800,57750.60727250183,265208.07165715087
2019-09-17,648650.8830936141,297608.04316859576,23800,58248.438947834766,268994.4009771836
2019-09-18,647875.2672217337,297484.4232950985,23800,58225.0112068933,268365.8327197419
2019-09-19,649735.5091474546,297978.87921100756,23800,58394.8589774304,269561.7709590167
2019-09-20,636773.1286131588,294826.65496010723,23800,57188.35489506075,260958.1187579909
2019-09-23,634670.3597005745,294363.08632901247,23800,57223.49650647295,259283.7768650891
2019-09-24,618783.5967541572,290453.6991947213,23800,55753.44039237738,248776.4571670586
2019-09-25,631960.1187527078,293714.0996767118,23800,56895.51483586948,257550.50424012655
2019-09-26,627493.810537018,292632.4552562107,23800,56526.53796990696,254534.8173109003
2019-09-27,612841.7952508435,289001.1951537284,23800,55202.89965121468,244837.7004459005
2019-09-30,623583.4772210303,291751.6724993226,23800,56139.98918114216,251891.8155405654
2019-10-01,615413.5235995266,290122.0547742202,23950,55747.32528528736,245594.143540019
2019-10-02,595714.1217277846,285133.5710383694,23950,53943.43187147984,232687.11881793535
2019-10-03,608117.2654637248,288262.9979450214,23950,55044.508840342,240859.75867836148
2019-10-04,625128.1070909072,292507.84003784053,23950,56496.99510483007,252173.2719482365
2019-10-07,620905.0540465239,291624.7980906269,23950,56163.157829812866,249167.0981260841
2019-10-08,603353.4226161023,287255.99208477896,23950,54540.82589580032,237606.604635523
2019-10-09,614504.7037443335,290060.07281770586,23950,55571.621918085744,244923.0090085419
2019-10-10,623413.9160241004,292306.4341379541,23950,56338.863676736226,250818.61820941008
2019-10-11,636817.0048449705,296071.0460833326,23950,57680.06943880698,259115.8893228309
2019-10-14,636277.5956931897,296040.0551050754,23950,57721.06688548417,258566.47370263003
2019-10-15,651088.5951023155,299804.66705045395,23950,59132.55587963821,268201.3721722234
2019-10-16,647785.5743550756,299061.02540742233,23950,58845.57387510759,265928.97507254564
2019-10-17,650204.7309796902,299851.14169824467,23950,59109.12814149787,267294.46113994764
2019-10-18,638321.4267222052,296969.5953392699,23950,58002.19530965879,259399.63607327655
2019-10-21,648396.2744991437,299603.26115056744,23950,58991.99390543034,265851.019443146
2019-10-22,638547.0321081467,297217.4758869471,23950,58101.76209157836,259277.7941296212
2019-10-23,640738.3833648156,297790.6789691593,23950,58277.46344606232,260720.24094959392
2019-10-24,652624.2260079371,300687.7089976676,23950,59360.9707713931,268625.5462388764
2019-10-25,660573.4417086408,303089.0015700116,23950,60245.34900129847,273289.0911373307
2019-10-28,671979.3492061667,306079.00453329145,23950,61457.70666761497,280492.63800526026
2019-10-29,661359.4243927746,303708.6793000145,23950,60514.761319548285,273185.9837732118
2019-10-30,667052.7275795044,305180.45527735417,23950,61077.013696989365,276845.25860516087
2019-10-31,667308.4680542863,305319.87922072626,23950,61106.299490262376,276932.2893432977
2019-11-01,680074.3909337919,308842.96897539595,24100,62687.37650420309,284444.04545419285
2019-11-04,688121.3377975894,310753.16284182656,24100,63431.19275684435,289836.98219891853
2019-11-05,688413.0981293904,310923.99260963575,24100,63483.907408109444,289905.1981116452
2019-11-06,685133.5660797291,310225.12847976637,24100,63214.50554261398,287593.9320573488
2019-11-07,689670.7747050818,311265.6284485184,24100,63642.055095372176,290663.09116119123
2019-11-08,694049.8147579923,312508.0246056092,24100,64145.741260966824,293296.04889141634
2019-11-11,691689.984541958,312088.7345637704,24100,63964.17978867818,291537.0701895093
2019-11-12,695270.8073060554,312989.44748850714,24100,64315.58718676639,293865.7726307819
2019-11-13,694166.1966673483,313067.10169146326,24100,64251.16202210405,292747.93295378104
2019-11-14,692996.255936886,312818.61772069795,24100,64239.45038939486,291838.1878267931
2019-11-15,703243.3603048451,315117.05890517344,24100,65053.545396914786,298972.75600275694
2019-11-18,703795.1792364079,315365.54287593876,24100,65281.960286201655,299047.67607426737
2019-11-19,705782.942095349,315831.42070020403,24100,65463.524161421214,300387.9972337237
2019-11-20,695574.2681214665,313936.7718924061,24100,64684.56853156721,292852.9276974931
2019-11-21,691746.4328404133,313237.93145927245,24100,64344.872990493604,290063.62839064724
2019-11-22,692527.5800647401,313439.8276476112,24100,64462.00722681625,290525.7451903127
2019-11-25,709325.2915014576,317151.47106025094,24100,65967.20495232401,302106.6154888826
2019-11-26,711448.2196606672,317757.1359285316,24100,66236.62173895852,303354.4619931771
2019-11-27,721704.0350914858,319977.8992133152,24100,67150.2812937522,310475.85458441835
2019-11-29,713523.3017412792,318518.1092027244,24100,66535.31538209664,304369.8771564582
2019-12-02,699510.4234086457,316006.8222524531,24250,65551.11508614026,293702.4860700524
2019-12-03,687846.0303708198,313531.7006261976,24250,64561.318724575336,285503.01102004695
2019-12-04,694749.1823965781,315119.5010544876,24250,65199.70790878766,290179.97343330295
2019-12-05,695164.906456589,315742.188847738,24250,65428.12279748608,289744.59481136495
2019-12-06,711087.9059626074,319120.1899593738,24250,66786.90049339822,300930.81550983543
2019-12-09,702149.5591327928,317672.4853771487,24250,66230.50616828867,293996.5675873553
2019-12-10,700640.5033417991,317407.8282193231,24250,66130.94162210553,292851.73350037046
2019-12-11,708511.9548005662,319089.0496314336,24250,66804.47018330544,298368.4349858271
2019-12-12,719803.2964422847,321470.7740269791,24250,67841.12649391958,306241.395921386
2019-12-13,724745.5016894471,322529.33139894967,24250,68256.95884234729,309709.21144815005
2019-12-16,739198.201991773,325767.23666452046,24250,69598.16684981482,319582.79847743764
2019-12-17,739162.0887087089,325954.0311259403,24250,69662.59202106437,319295.4655617042
2019-12-18,740216.2705353862,326203.10624324053,24250,69773.86820542779,319989.2960867178
2019-12-19,749285.8518891647,328242.3582907759,24250,70757.81098312639,326035.6826152623
2019-12-20,755355.2708704408,329565.54906746146,24250,71343.49110153342,330196.2307014459
2019-12-23,754588.5466466025,329721.20320094115,24250,71712.47243615774,328904.8710095036
2019-12-24,754114.4151014986,329892.4393749462,24250,71759.32344965902,328212.65227689344
2019-12-26,763888.3413623632,332803.4305799217,24250,73065.39207974159,333769.5187027
2019-12-27,762324.0665924316,332523.2388877919,24250,72913.1139978147,332637.7137068251
2019-12-30,751009.5806578692,330343.89099419164,24250,71888.17379064523,324527.5158730324
2019-12-31,753963.5119641274,330966.5550343315,24250,72175.16026588967,326571.7966639063
2020-01-02,783527.2188827266,337242.78746473795,24400,75167.72404157229,346716.70737641637
2020-01-03,763331.6185152954,334153.66638346756,24400,73721.09790261052,331056.85422921734
2020-01-06,770950.0338550522,336306.68583900994,24400,74705.0406802286,335538.3073358137
2020-01-07,770200.9676288969,336259.88313832885,24400,74640.61550973574,334900.4689808323
2020-01-08,784420.0808519184,338787.3241993199,24400,75852.97317605224,345379.7834765463
2020-01-09,800781.6509168418,341658.0247420608,24400,77211.75087196437,357511.8753028167
2020-01-10,795560.3368272359,340784.31878188986,24400,76760.77467851438,353615.2433668316
2020-01-13,818087.0816889002,344715.9122814728,24400,78675.95116792075,370295.21823950665
2020-01-14,809827.6406561169,343358.5863496151,24400,78014.1369460355,364054.9173604663
2020-01-15,809687.2522053391,343498.9944516584,24400,78049.28223911478,363738.97551456594
2020-01-16,828913.3455297183,346790.919300529,24400,79613.0414033638,378109.38482582546
2020-01-17,838823.312199994,348507.0976790125,24400,80473.98810137517,385442.22641960625
2020-01-21,837121.1423951936,348351.0728060401,24400,80444.71299423702,383925.35659491643
2020-01-22,841346.7771824133,349271.5576608389,24400,80842.97591839089,386832.24360318354
2020-01-23,847861.989483082,350394.8700892912,24400,81387.65860298235,391679.46079080837
2020-01-24,830258.7743985301,347446.1809161173,24400,79847.32331287698,378565.27016953594
2020-01-27,788587.9088276513,340269.489074398,24400,76268.81766057796,347649.6020926754
2020-01-28,818866.9263177207,345495.9890342284,24400,78793.09753880295,370177.8397446894
2020-01-29,821670.932732488,346057.6452484545,24400,78998.08468781006,372215.20279622346
2020-01-30,827551.3745028919,347290.1798491981,24400,79642.33639294525,376218.85826074856
2020-01-31,795167.6462931677,341782.8398792281,24400,76807.64229724168,352177.164116698
2020-02-03,826802.4394513507,347696.9441735014,24550,79806.06859363832,374749.426684211
2020-02-04,876810.0818800172,355655.28635211365,24550,83724.26554160439,412880.52998629917
2020-02-05,883956.9712592603,356827.93093527906,24550,84432.93795141284,418146.10237256845
2020-02-06,903286.7865675741,359908.079282328,24550,85943.99372674355,432884.7135585026
2020-02-07,892763.5631390179,358360.17984384426,24550,85124.04067242851,424729.3426227452
2020-02-10,920104.8778424269,362691.15385110606,24550,87384.76628701117,445478.95770430967
2020-02-11,920320.6478531285,362753.6843982349,24550,87431.62176889469,445585.34168599895
2020-02-12,942678.4666099553,366287.26867764967,24550,89335.08215363798,462506.11577866756
2020-02-13,939458.718055019,365818.2060728805,24550,89077.38147166657,460013.130510472
2020-02-14,945958.8010602215,366865.7657042731,24550,89528.35766511655,465014.6776908319
2020-02-18,946139.8576242026,367006.4773284493,24550,89645.49190143918,464937.8883943141
2020-02-19,969092.5529546968,370524.4110779455,24550,91567.68571397426,482450.456162777
2020-02-20,946634.864799832,367084.6584054967,24550,89623.70113285755,465376.5052614777
2020-02-21,902022.0679374838,360033.16423410084,24550,85797.79649122126,431641.1072121617
2020-02-24,819336.5607601821,346149.04473501764,24550,78506.3068389812,370131.2091861833
2020-02-25,765651.3390566757,336736.6108673724,24550,73973.9585858255,330390.76960347773
2020-02-26,775512.6443224337,338472.1258047578,24550,74682.61423616752,337807.90428150835
2020-02-27,687966.7553388845,321523.50848854415,24550,66875.66306468581,275017.58378565457
2020-02-28,689667.7414711284,321773.6783920897,24550,67566.76487121836,275777.29820782033
2020-03-02,788919.7954492462,339128.31805530697,24700,74201.13205259823,350890.345341341
2020-03-03,733824.9637733111,328253.3925624394,24700,69376.15324023497,311495.41797063674
2020-03-04,808667.7010804738,341948.90770784236,24700,75007.66331018232,367011.1300624492
2020-03-05,755590.9603984673,331559.74578366807,24700,70441.85753929532,328889.3570755039
2020-03-06,726870.6981220989,325965.59822400095,24700,67953.02024088497,308252.079657213
2020-03-09,627429.3921746023,303322.57446269284,24700,58810.62173747847,240596.195974431
2020-03-10,709952.8291210388,319838.6553502369,24700,64392.12576988625,301022.0480009156
2020-03-11,647170.8430851031,305908.1010297869,24700,59062.46411797034,257500.27793734585
2020-03-12,541899.3479370889,277858.96104884933,24700,49164.46983587261,190175.91705236697
2020-03-13,653934.4959340866,301395.15758573037,24700,56239.48159550519,271599.856752851
2020-03-16,526723.6777217451,265291.6817644605,24700,44766.01313302602,191965.98282425862
2020-03-17,614088.2797457317,285411.848101889,24700,48321.091272872465,255655.34037097023
2020-03-18,579093.4061373764,276730.7251878352,24700,45972.514981203436,231690.16596833782
2020-03-19,585821.0629626439,278391.73245255207,24700,46505.48379956386,236223.846710528
2020-03-20,543634.7291871543,267485.4604328801,24700,43746.92874399586,207702.3400102784
2020-03-23,541046.303197148,267109.39775280486,24700,43811.35391448872,205425.5515298544
2020-03-24,632571.8893131622,287793.6820207404,24700,48450.262021914124,271627.94527050765
2020-03-25,623319.9256228426,285662.5724955353,24700,47863.19408225757,265094.15904504975
2020-03-26,691965.5462367305,300705.67745840014,24700,51902.62795906664,314657.24081926374
2020-03-27,647926.8408475311,290363.5472796295,24700,48911.74503207951,283951.5485358221
2020-03-30,695009.861103523,300925.0553252421,24700,51637.68648072315,317747.11929755786
2020-03-31,683164.9669199935,298355.19006635307,24700,50846.17616242042,309263.60069122
2020-04-01,631970.3642340149,286428.23380374035,24850,47871.3560514994,272820.7743787752
2020-04-02,653242.5671721846,292241.31923600595,24850,49317.3600815176,286833.88785466104
2020-04-03,638121.9692291991,288093.6017627669,24850,48276.08690643845,276902.28055999376
2020-04-06,716491.8633827695,308690.7953905167,24850,53474.639374458886,329476.428617794
2020-04-07,715880.3878118414,308565.1040763983,24850,53417.1314721504,329048.1522632927
2020-04-08,740846.186266133,315116.63496904704,24850,55331.298077478445,345548.2532196075
2020-04-09,742441.3674311431,315572.24500620516,24850,55449.41643446207,346569.7059904759
2020-04-13,755181.5861648883,318981.540992228,24850,56564.08729797866,354785.9578746817
2020-04-14,809672.5162262083,332854.40514022915,24850,60861.8652408407,391106.2458451385
2020-04-15,794727.8174763292,329036.6063900298,24850,59621.3476055284,381219.863480771
2020-04-16,818211.5080837402,335038.2407800564,24850,61559.91399973596,396763.35330394784
2020-04-17,830630.6157947978,338243.2853839911,24850,62514.763547004186,405022.5668638025
2020-04-20,814690.2694789097,334236.9856223645,24850,61249.983552092934,394353.3003044523
2020-04-21,767135.1324868485,321903.79811927147,24850,57068.22872207454,363313.1056455025
2020-04-22,804341.9585455509,331456.1222337666,24850,60043.482561935416,387992.3537498489
2020-04-23,801457.2950682639,330749.12956837175,24850,59803.353802791986,386054.8116971002
2020-04-24,821908.2308310694,335965.18725186674,24850,61560.39415793965,399532.649421263
2020-04-27,832070.5447321518,338667.49057249475,24850,62304.21041058091,406248.8437490761
2020-04-28,807239.6342559655,332288.8062132799,24850,60320.65713605446,389780.1709066311
2020-04-29,853769.6745875864,344072.09721375076,24850,63993.590440083506,420853.9869337521
2020-04-30,853426.55441833,343930.70347530517,24850,64280.56640822404,420365.28453480074
2020-05-01,816790.8533196216,334986.9856223645,25000,61273.81904557018,395530.0486516869
2020-05-04,832503.0919607147,338892.0635187329,25000,62604.40028838242,406006.6281535993
2020-05-05,848404.6425760011,342734.1667510944,25000,63818.50378991885,416851.9720349878
2020-05-06,856896.6986716511,344844.16638625663,25000,64601.35211484617,422451.1801705482
2020-05-07,875641.6673073361,349284.6370480071,25000,66155.3112310354,435201.71902829356
2020-05-08,895947.314504657,354071.5044022367,25000,67819.57059419,449056.23950823036
2020-05-11,909088.9542254912,357236.5038549801,25000,68961.31236927508,457891.13800123596
2020-05-12,876435.5518260691,349757.00709546084,25000,66380.68624970882,435297.8584808994
2020-05-13,857751.0415201099,345379.535124678,25000,64819.6874790398,422551.818916392
2020-05-14,874127.0486773578,349300.37470726867,25000,66163.21764085264,433663.4563292365
2020-05-15,883503.6862236084,351567.8470428893,25000,66888.08835230456,440047.7508284146
2020-05-18,911363.2773306901,358118.29331284127,25000,69372.50960920172,458872.474408647
2020-05-19,907108.9614520578,357220.76619571855,25000,69039.73599123722,455848.45926510205
2020-05-20,937969.2952179974,364353.84223579796,25000,71656.68329929454,476958.7696829049
2020-05-21,920726.9645924165,360385.7656484619,25000,70214.80504872432,465126.3938952304
2020-05-22,925719.602123198,361629.7375119852,25000,70634.73441142973,468455.1301997831
2020-05-26,921039.6080191568,360653.45001767256,25000,70447.64525047343,464938.5127510109
2020-05-27,929322.4833686652,362621.73863859865,25000,71097.77569995049,470602.96903011604
2020-05-28,926933.9750242158,362149.368591145,25000,70799.07916745803,468985.52726561273
2020-05-29,949910.9588869198,367455.8670245344,25000,72720.1092429089,484734.98261947656
2020-06-01,955724.4622113513,369308.1038468608,25150,73797.50546595453,487468.8528985359
2020-06-02,966269.7940372803,371785.31667254993,25150,74716.87385293593,494617.6035117944
2020-06-03,973063.1687085503,373457.8181359773,25150,75380.07146430883,499075.2791082641
2020-06-04,961125.4169678807,370838.6059201907,25150,74563.13923059936,490573.6718170906
2020-06-05,994672.5816325059,378191.32374606445,25150,77187.72176748002,514143.53611896135
2020-06-08,1007483.2826329097,381126.09818735265,25150,78463.3420919734,522743.8423535836
2020-06-09,1020045.1224028376,383887.30979323684,25150,79586.29107449001,531421.5215351108
2020-06-10,1041358.1706567686,388494.5856979524,25150,81368.5308917236,546345.0540670926
2020-06-11,955171.1980441224,369245.00103210233,25150,74045.60085602029,486730.59615599975
2020-06-12,968257.976176545,372179.77547339053,25150,75077.44710805104,495850.75359510345
2020-06-15,988860.8092167745,376708.1548027671,25150,77221.00644211989,509781.6479718876
2020-06-16,1018858.7563060074,383177.28876689466,25150,79904.72237181911,530626.7451672936
2020-06-17,1024214.3007032471,384392.2045388684,25150,80468.9655696039,534203.1305947747
2020-06-18,1028871.1093080591,385433.5815512927,25150,80907.38620231839,537380.141554448
2020-06-19,1028322.5050859372,385370.4787365342,25150,80888.01772987387,536914.0086195291
2020-06-22,1046579.6338066972,389315.0667449401,25150,82870.58176117446,549243.9853005826
2020-06-23,1062111.2575740863,392628.5062264884,25150,84384.70972091907,559948.0416266788
2020-06-24,1024094.6544781403,384534.22800482047,25150,80974.25491563146,533436.1715576884
2020-06-25,1040984.7802642453,388194.7931571768,25150,82436.50907303074,545203.4780340377
2020-06-26,998425.0983745137,379027.57447777817,25150,78383.75020500226,515863.7736917333
2020-06-29,1017052.6693805887,383161.49500631413,25150,80059.14081419639,528682.0335600782
2020-06-30,1052100.2378259397,390672.0059828659,25150,83169.1046657475,553109.1271773262
2020-07-01,1075085.6287586167,395981.94875754905,25300,85693.13613205771,568110.54386901
2020-07-02,1087982.0135817318,398669.353802399,25300,86952.34978809746,577060.3099912353
2020-07-06,1135741.1528604273,408470.51497538574,25300,91397.65974555972,610572.9781394819
2020-07-07,1122203.510343911,405656.59244608413,25300,90687.14208860445,600559.7758092223
2020-07-08,1148252.9918133542,410999.8033165979,25300,92886.76084531588,619066.4276514405
2020-07-09,1165098.0300672378,414461.8234192543,25300,94394.03531415705,630942.1713338265
2020-07-10,1178964.5669896444,417291.5214366076,25300,95669.80987904774,640703.235673989
2020-07-13,1136480.1121139354,408707.629726989,25300,92072.57206363132,610399.910323315
2020-07-14,1150672.3186434242,411600.52618271473,25300,93473.92765336321,620297.8648073464
2020-07-15,1154529.0335499689,412438.3638004349,25300,93835.61672995053,622955.0530195835
2020-07-16,1140411.983495478,409624.489514216,25300,92575.23026293484,612912.2637183273
2020-07-17,1142631.1222733676,410098.76726050535,25300,92899.50326227958,614332.8517505827
2020-07-20,1200383.3322987622,421733.6480079461,25300,98077.20297319014,655272.481317626
2020-07-21,1178432.354625194,417338.9443869282,25300,96210.64210601704,639582.7681322489
2020-07-22,1185658.174195603,418809.10408995143,25300,97032.15049271377,644516.9196129377
2020-07-23,1131679.5123231327,407869.7921092689,25300,91821.58696037561,606688.1332534881
2020-07-24,1112295.4568076017,403996.74094177835,25300,89973.9777079652,593024.7381578581
2020-07-27,1147382.518134747,411205.318849015,25300,93306.07077155779,617571.1285141741
2020-07-28,1121454.0405697231,405972.77761027706,25300,90879.72488155673,599301.5380778895
2020-07-29,1144405.719312314,410652.01893321885,25300,93027.45532627152,615426.2450528234
2020-07-30,1154676.7007832383,412801.97191494843,25300,94088.3121359627,622486.4167323272
2020-07-31,1191562.292813044,420168.6424042816,25300,97652.80742921913,648440.8429795435
2020-08-03,1220711.521716232,426593.81392703997,25450,100755.24640925018,667912.4613799418
2020-08-04,1227038.1949747484,428177.42743284797,25450,101703.89544317401,671706.8720987266
2020-08-05,1232155.6651972148,429238.4214180319,25450,102295.18311062528,675172.0606685576
2020-08-06,1261716.313377263,434923.6364325656,25450,105129.93693087027,696212.7400138273
2020-08-07,1234932.0988962878,429903.56035481277,25450,102620.12868019265,676958.4098612824
2020-08-10,1224363.4836275114,428066.56288870965,25450,101618.6164866146,669228.3042521871
2020-08-11,1183135.9455732424,419958.4694714607,25450,98253.4896685624,639473.9864332192
2020-08-12,1236780.022932223,430521.1444914925,25450,102528.9934537739,678279.8849869566
2020-08-13,1240353.6138012893,431503.02546065446,25450,103022.6405567882,680377.9477838468
2020-08-14,1237600.8222984378,430996.25754006417,25450,102932.95261052268,678221.6121478508
2020-08-17,1262516.4943848979,436000.4820177833,25450,105112.20437587924,695953.8079912355
2020-08-18,1283784.724799314,440197.0481425646,25450,106852.55639132045,711285.120265429
2020-08-19,1268402.4313736097,437235.69861919153,25450,105867.09641934773,699849.6363350704
2020-08-20,1299585.1105439872,443300.91708209453,25450,108264.95821635266,722569.23524554
2020-08-21,1315282.524258432,446373.1311496059,25450,109494.70007183144,733964.6930369947
2020-08-24,1327875.2342313025,449160.3063848036,25450,110857.05074251453,742407.8771039845
2020-08-25,1345790.7830401124,452691.73357280414,25450,112152.51334101707,755496.5361262913
2020-08-26,1395682.7551886847,462351.7856238425,25450,114910.87679077957,792970.0927740627
2020-08-27,1388242.976685262,460910.6915341914,25450,114748.72407517048,787133.5610759001
2020-08-28,1399971.2982573733,463254.4569208848,25450,115495.26083364345,795771.580502845
2020-08-31,1418730.324174721,466975.9583251433,25450,116796.28863258501,809508.0772169927
2020-09-01,1460758.1728054383,475707.38392626925,25600,118643.61357902865,840807.1753001403
2020-09-02,1484377.1075545086,480211.9423677607,25600,119230.70925784472,859334.4559289032
2020-09-03,1357322.7041000095,455865.08013839123,25600,113844.27197318655,762013.3519884318
2020-09-04,1324487.9374506352,449790.2357511177,25600,111737.96432952868,737359.7373699887
2020-09-08,1210087.9458718752,428171.54023905564,25600,101696.06540530683,654620.3402275128
2020-09-09,1278976.597246295,440749.4140102547,25600,107731.38262490033,704895.80061114
2020-09-10,1231511.5301874331,431962.3279411586,25600,103358.99478340593,670590.2074628684
2020-09-11,1214989.883905918,428964.5973253259,25600,101766.5875434717,658658.6990371206
2020-09-14,1254677.9988912293,436435.18152477,25600,105438.80446773718,687204.0128987222
2020-09-15,1287534.530580555,442621.01711680536,25600,107750.15470382906,711563.3587599206
2020-09-16,1250101.2092172503,435562.7896872548,25600,105184.41847926745,683754.0010507283
2020-09-17,1214271.3787738816,428758.3947381975,25600,102623.45280256611,657289.531233118
2020-09-18,1185470.1672631023,423286.2814811875,25600,100443.90273297614,636139.9830489384
2020-09-21,1189994.099107741,424301.41778570774,25600,101354.51032338233,638738.1709986507
2020-09-22,1231675.2792851692,432184.4071594086,25600,104482.89208333418,669407.9800424264
2020-09-23,1162960.7208956787,418987.92562682444,25600,98834.6828414815,619538.1124273728
2020-09-24,1172770.7537459661,420938.86348462,25600,99755.97756655628,626475.9126947899
2020-09-25,1224773.2585576952,430725.1608227515,25600,103858.15349693545,664589.9442380082
2020-09-28,1271704.9341504117,439670.86798997433,25600,107520.1902786512,698913.8758817863
2020-09-29,1261023.2452075547,437688.2252742987,25600,107062.34641633948,690672.6735169165
2020-09-30,1276700.063863812,440685.9558901314,25600,108352.04990523029,702062.0580684504
2020-10-01,1315234.8449009748,448430.72519955866,25750,111572.87518909524,729481.2445123208
2020-10-02,1251324.7960189695,435815.8764736558,25750,106589.92687530722,683168.9926700065
2020-10-05,1298744.7601758698,445110.19880995824,25750,110705.35122311811,717179.2101427935
2020-10-06,1258027.2444880742,437166.3418533673,25750,107367.83905735327,687743.0635773537
2020-10-07,1296812.2421607599,444728.9091913875,25750,110748.04002765034,715585.2929417221
2020-10-08,1308789.0157328476,447096.16304910596,25750,111835.37423743572,724107.4784463061
2020-10-09,1344210.705164696,453927.86063759215,25750,114705.0231704087,749827.8213566954
2020-10-12,1417339.1897866006,467940.8359455278,25750,120078.69242568893,803569.6614153839
2020-10-13,1417378.7784412878,467924.932716269,25750,120494.41566455724,803209.4300604616
2020-10-14,1397407.2126390222,464016.5686695537,25750,119838.57525759212,787802.0687118764
2020-10-15,1381462.015468508,460902.59031849744,25750,119202.84037584563,775606.5847741648
2020-10-16,1368534.2230542048,458376.4496245561,25750,118707.10578276137,765700.6676468874
2020-10-19,1328013.0568671394,450893.3014619198,25750,114762.2497765101,736607.5056287094
2020-10-20,1332722.6323216707,451862.47722306056,25750,115205.11885154378,739905.0362470663
2020-10-21,1330827.0955561735,451512.94557755237,25750,115395.49601903335,738168.6539595879
2020-10-22,1330640.1146198981,451497.04234829353,25750,115583.44640817132,737809.6258634333
2020-10-23,1334990.8348300569,452386.7504485953,25750,116062.0572797506,740792.0271017109
2020-10-26,1300027.2713963182,445602.7140624305,25750,114076.82532168135,714597.7320122063
2020-10-27,1317622.6911526003,449082.1272882537,25750,115442.64733766949,727347.9165266772
2020-10-28,1229728.2861454128,431573.8840106911,25750,108422.0270328243,663982.3751018975
2020-10-29,1268072.7118840148,439120.5481194525,25750,111346.76295839685,691855.4008061653
2020-10-30,1212507.283769384,427983.2451509664,25750,107262.4581203238,651511.5804980937
2020-11-02,1217713.223402764,429686.51768284827,25900,108017.68711405307,654109.0186058626
2020-11-03,1254186.0794589194,437119.0260636449,25900,111016.17078340576,680150.8826118687
2020-11-04,1352079.0264310152,456631.43694067054,25900,118029.80340585431,751517.7860844904
2020-11-05,1411267.5578372718,468536.2437491551,25900,121664.76364113584,795166.5504469809
2020-11-06,1413015.7759988452,468886.3379841791,25900,122048.63499612396,796180.8030185424
2020-11-09,1366022.3721669507,459305.2282334107,25900,119799.80173331426,761017.3422002257
2020-11-10,1325455.6532150097,451076.94516523427,25900,116965.64696888687,731513.0610808887
2020-11-11,1375942.6553879934,461167.3623727815,25900,120769.91528652758,768105.3777286842
2020-11-12,1365183.024725412,459002.8299665878,25900,120246.58838954073,760033.6063692836
2020-11-13,1385273.2722037835,463029.44794191996,25900,121918.56617975286,774425.2580821106
2020-11-16,1403459.259297519,466642.29610757274,25900,124123.22508334043,786793.7381066057
2020-11-17,1396267.3616691753,465162.1182756698,25900,124057.62028545559,781147.6231080499
2020-11-18,1379204.4288539551,461724.3657977614,25900,123124.93527067191,768455.1277855219
2020-11-19,1397649.7065008027,465337.2139634142,25900,125094.81240070495,781317.6801366835
2020-11-20,1381869.428409441,462154.1152138952,25900,124293.1310893225,769522.1821062233
2020-11-23,1381448.5175347105,462170.0462501172,25900,124604.43117115556,768774.0401134377
2020-11-24,1413319.6895713494,468663.5463282336,25900,126511.78113520227,792244.3621079134
2020-11-25,1427424.4108904207,471544.2468109297,25900,127417.20301038964,802562.9610691014
2020-11-27,1448623.0073881543,475889.1940893067,25900,128777.99758512793,818055.8157137197
2020-11-30,1453078.6472673248,476860.01589419844,25900,129518.60278083672,820800.0285922898
2020-12-01,1484614.2044828823,483721.559664847,26050,131548.76852796055,843293.8762900749
2020-12-02,1487553.1667991723,484343.251154159,26050,131884.19937529872,845275.7162697145
2020-12-03,1491540.2817954891,485028.66845340835,26050,132837.4219425181,847624.1913995628
2020-12-04,1501591.2897674893,487005.2387659065,26050,133424.78965677798,855111.2613448049
2020-12-07,1515683.2010835,489762.91238387284,26050,134934.67435310583,864935.6143465211
2020-12-08,1524053.9628112882,491420.7077097152,26050,135441.95789981284,871141.2972017601
2020-12-09,1467614.8185606045,480294.42452294385,26050,133632.88891651694,827637.5051211438
2020-12-10,1477370.7971798806,482223.17615516076,26050,134231.6869630887,834865.934061631
2020-12-11,1471738.1037163509,481155.20941366185,26050,134243.01351617373,830289.8807865153
2020-12-14,1489244.128907448,484646.11901115876,26050,135492.7249971987,843055.2848990904
2020-12-15,1515582.0713870903,489826.68683946657,26050,136448.50691608107,863256.8776315426
2020-12-16,1529199.5305258627,492520.5860018392,26050,136966.853138045,873662.0913859786
2020-12-17,1545440.9639384267,495740.490647305,26050,137428.22184942215,886222.2514416996
2020-12-18,1537616.618666607,494242.1071376188,26050,137443.8900841024,879880.6214448857
2020-12-21,1527966.182574216,492424.9486412768,26050,137873.515819627,871617.7181133123
2020-12-22,1534514.4655113216,493763.9203348068,26050,138081.67330084433,876618.8718756705
2020-12-23,1521855.4246072182,491277.25166887156,26050,138117.59398871294,866410.5789496338
2020-12-24,1532359.9430924663,493445.09670249454,26050,138215.31009966374,874649.5362903079
2020-12-28,1555999.5752381613,498418.43403436505,26050,138243.52706330048,893287.6141404957
2020-12-29,1557803.3498165733,498864.75793220836,26050,138243.52706330048,894645.0648210646
2020-12-30,1557540.1591030406,498880.7137075209,26050,138243.52706330048,894365.9183322192
2020-12-31,1563048.229256624,500108.092265176,26050,138243.52706330048,898646.6099281475
2021-01-04,1527956.7432161262,493796.5914849324,26200,138723.52706330048,869236.6246678935
2021-01-05,1547968.7776632959,497867.50833351444,26200,138723.52706330048,885177.7422664809
2021-01-06,1513564.7779721457,490970.9002728293,26200,138723.52706330048,857670.3506360159
2021-01-07,1573291.4303259647,502848.4595990843,26200,138723.52706330048,905519.44366358
2021-01-08,1605666.765866269,509314.0448808685,26200,138723.52706330048,931429.1939220998
2021-01-11,1567847.4406787104,501954.45394826116,26200,138723.52706330048,900969.4596671487
2021-01-12,1563346.8574006027,501156.23113719374,26200,138723.52706330048,897267.0992001083
2021-01-13,1580010.048730881,504540.6880609748,26200,138723.52706330048,910545.8336066058
2021-01-14,1566147.2319167634,501842.69106199476,26200,138723.52706330048,899381.013791468
2021-01-15,1545887.5450974768,497867.50833351444,26200,138723.52706330048,883096.5097006619
2021-01-19,1581174.4533836397,505131.3651460201,26200,138723.52706330048,911119.5611743191
2021-01-20,1641027.1671661653,516881.18153949804,26200,138723.52706330048,959222.4585633668
2021-01-21,1661831.0675460882,521015.9698544686,26200,138723.52706330048,975891.570628319
2021-01-22,1653829.9416894414,519515.35579174355,26200,138723.52706330048,969391.0588343975
2021-01-25,1674653.7946264488,523809.7496932044,26200,138723.52706330048,985920.5178699439
2021-01-26,1677513.7794956327,524576.0611309046,26200,138723.52706330048,988014.1913014278
2021-01-27,1603619.9516842812,509952.6133857916,26200,138723.52706330048,928743.8112351892
2021-01-28,1618586.7656381764,512969.9189970602,26200,138723.52706330048,940693.3195778155
2021-01-29,1564447.5936294412,502177.9310011399,26200,138723.52706330048,897346.1355650007
2021-02-01,1631538.2462246518,515476.0189253393,26350,142108.86403194632,947603.3632673663
2021-02-02,1676019.0376553405,523885.52531294705,26350,143547.80924081316,982235.7031015801
2021-02-03,1664077.2258042302,521807.1415145999,26350,143411.72691465262,972508.3573749777
2021-02-04,1696579.7583528664,527978.3771676854,26350,144145.95410382928,998105.4270813516
2021-02-05,1705987.6290536392,529768.9937553032,26350,144698.5947449092,1005170.040553427
2021-02-08,1723708.3421293101,533318.2690595607,26350,145076.37813158365,1018963.6949381658
2021-02-09,1722602.9004482194,533206.3921158167,26350,145112.24982432532,1017934.2585080772
2021-02-10,1715947.1651220298,531991.3099496578,26350,145167.63108772115,1012438.224084651
2021-02-11,1730886.032794699,534917.0408400255,26350,145287.66764638113,1024331.3243082925
2021-02-12,1746245.6863946342,537906.7850536346,26350,145355.93776747456,1036632.9635735252
2021-02-16,1737126.3780121969,536451.8968785345,26350,145387.70974122867,1028936.7713924337
2021-02-17,1723322.8871359457,533877.848940852,26350,145384.7523353564,1017710.2858597373
2021-02-18,1710689.1533125164,531543.6558027533,26350,145381.92462084105,1007413.572888922
2021-02-19,1698088.3566537825,529225.4172048223,26350,145379.26433019285,997133.6751187674
2021-02-22,1626306.2013349894,515507.9767963172,26350,145206.05458358428,939242.169955088
2021-02-23,1615437.0544618634,513973.16954845097,26350,145219.22110612725,929894.6638072853
2021-02-24,1635704.3323477914,518209.9050085541,26350,145355.68946377945,945788.7378754579
2021-02-25,1543760.2177314083,500143.7546149164,26350,143927.77294444415,873338.6901720478
2021-02-26,1550149.616888756,502238.1905347166,26350,144610.04552118073,876951.3808328587
2021-03-01,1629816.5773732937,518096.5545857232,26500,145892.74951348797,939327.2732740823
2021-03-02,1583791.2296886682,509786.8960251529,26500,145892.58192929588,901611.7517342195
2021-03-03,1508643.0787010705,494992.84441968653,26500,145893.48012996488,841256.7541514189
2021-03-04,1463291.9552972931,486891.33531560976,26500,143238.4883914964,806662.1315901869
2021-03-05,1500371.1273773178,494224.30385602766,26500,145709.3224288817,833937.5010924084
2021-03-08,1425663.8836378853,480230.79701469047,26500,140421.70640276774,778511.3802204272
2021-03-09,1518489.5143831156,499171.6646349807,26500,146428.4063129317,846389.4434352032
2021-03-10,1506374.8285338818,497746.72036274575,26500,146245.38769892498,835882.7204722111
2021-03-11,1563694.5533889374,509210.5272484398,26500,148915.4494119408,879068.5767285568
2021-03-12,1525399.9392338616,505079.68890316365,26500,148401.7029758386,845418.5473548594
2021-03-15,1542526.4147968981,510475.352795574,26500,149958.3284398099,855592.7335615142
2021-03-16,1526587.2725338473,513277.25947002595,26500,150553.01613425039,836256.9969295708
2021-03-17,1528344.124023098,515390.7093740568,26500,151002.07397947396,835451.3406695672
2021-03-18,1443188.2311563282,499603.9900788903,26500,147927.4620847897,769156.7789926481
2021-03-19,1452659.8252109936,501365.1983322493,26500,148697.1333624364,776097.4935163078
2021-03-22,1496221.487294123,510123.1111449022,26500,150927.96563675907,808670.4105124617
2021-03-23,1484288.496509607,507897.6221085381,26500,150819.863354615,799071.0110464537
2021-03-24,1428700.6896195167,499331.7833600815,26500,149378.28550099424,753490.620758441
2021-03-25,1423875.202211973,498467.1813336371,26500,149472.67220661414,749435.3486717218
2021-03-26,1459423.3848797884,505944.29092960805,26500,151087.2982461575,775891.7957040229
2021-03-29,1455793.0074674282,505800.1987354298,26500,151835.45946125983,771657.3492707387
2021-03-30,1440048.4237418447,503254.4722488641,26500,151831.7994973203,758462.1519956603
2021-03-31,1480940.961918646,510955.70897087635,26500,152600.95421081304,790884.2987369564
2021-04-01,1524868.1182920577,520415.63991351123,26650,153335.9239759382,824466.5544026082
2021-04-05,1581302.0772153079,530805.6423973296,26650,153369.04811447946,870477.3867034989
2021-04-06,1578231.1280110914,530436.8916498442,26650,153369.04811447946,867775.1882467677
2021-04-07,1574038.21924848,531719.5922993376,26650,153369.04811447946,862299.5788346629
2021-04-08,1605257.0709903105,537267.3435596414,26650,153369.04811447946,887970.6793161895
2021-04-09,1622612.8851951743,540522.2441663266,26650,153369.04811447946,902071.5929143683
2021-04-12,1617601.6666590213,539816.7930614306,26650,153369.04811447946,897765.8254831113
2021-04-13,1653367.4179948447,546118.1444095824,26650,153369.04811447946,927230.2254707828
2021-04-14,1611959.1922124226,539560.2431451533,26650,153369.04811447946,892379.9009527899
2021-04-15,1658535.7855933958,547737.5454164864,26650,153369.04811447946,930779.1920624299
2021-04-16,1661283.163154635,548378.9446731263,26650,153369.04811447946,932885.1703670294
2021-04-19,1631541.011501786,543360.2939744678,26650,153369.04811447946,908161.6694128388
2021-04-20,1608271.9475662017,539399.8933309932,26650,153369.04811447946,888853.006120729
2021-04-21,1630748.106253887,544017.6939601984,26650,153369.04811447946,906711.3641792091
2021-04-22,1591461.1251210647,537459.7926957693,26650,153369.04811447946,873982.2843108159
2021-04-23,1630198.4853473376,544226.1438254172,26650,153369.04811447946,905953.293407441
2021-04-26,1649272.3956696372,547769.6447384544,26650,153369.04811447946,921483.7028167035
2021-04-27,1635223.9177701287,545396.5947118091,26650,153369.04811447946,909808.2749438402
2021-04-28,1623279.8803303107,543552.6941787025,26650,153369.04811447946,899708.1380371287
2021-04-29,1631635.6195406073,545508.8444749104,26650,153369.04811447946,906107.7269512175
2021-04-30,1610818.2730446742,541933.2442399053,26650,153369.04811447946,888865.9806902895
2021-05-03,1592604.6435260917,539797.1433125986,26800,153849.04811447946,872158.4520990137
2021-05-04,1535858.8535454404,530083.0943997676,26800,153849.04811447946,825126.7110311935
2021-05-05,1524426.7110286453,528300.8183331311,26800,153432.4623017843,815893.4303937298
2021-05-06,1548751.6957646674,532282.8012477988,26800,154771.55024552805,834897.3442713405
2021-05-07,1574838.25437212,536601.9529858939,26800,156036.6472323301,855399.6541538959
2021-05-10,1492608.6788381613,523050.4220827212,26800,152367.02507148773,790391.2316839524
2021-05-11,1487818.0775266069,522327.8684611167,26800,152291.11982767633,786399.0892378138
2021-05-12,1405438.0029099071,508808.4815411103,26800,146646.2356685918,723183.2857002049
2021-05-13,1428630.5396177964,512742.24848102836,26800,148482.4886243102,740605.8025124577
2021-05-14,1498534.0766974809,524061.97755297774,26800,152803.55877381185,794868.5403706915
2021-05-17,1478849.1709704478,520882.810217882,26800,152537.8604825289,778628.5002700369
2021-05-18,1456397.878081272,517366.4740593588,26800,151389.27537526653,760842.1286466464
2021-05-19,1459912.4152460373,517960.5497482462,26800,151935.49424545636,763216.3712523348
2021-05-20,1520981.1344589011,527979.6725013126,26800,155518.2094309937,810683.2525265948
2021-05-21,1502888.1349399053,525057.4610316511,26800,155145.48364812494,795885.190260129
2021-05-24,1557258.179527877,533888.4324069428,26800,158327.70031603315,838242.0468049009
2021-05-25,1561660.131051831,534627.0090201561,26800,158819.4639918829,841413.658039792
2021-05-26,1573182.0769456408,536489.5470447601,26800,159769.12854484157,850123.4013560392
2021-05-27,1560909.899021728,534482.5080958301,26800,159670.32516836046,839957.0657575373
2021-05-28,1570663.5492952017,536168.4012129415,26800,160381.93946903312,847313.208613227
2021-06-01,1561020.5552040443,535136.1741462795,26950,161725.4289932214,837208.9520645435
2021-06-02,1567005.4122080123,536181.2893416656,26950,162128.0688108152,841746.0540555316
2021-06-03,1534752.7348681884,530601.9277147636,26950,161927.93059816072,815272.8765552642
2021-06-04,1587325.1387186698,539606.0914533691,26950,162480.10202750558,858288.9452377951
2021-06-07,1594625.6713067563,541213.9760828079,26950,162500.41438525938,863961.2808386892
2021-06-08,1595641.404926226,541471.2435117674,26950,162500.41438525938,864719.7470291994
2021-06-09,1595927.4699859857,541599.8526918748,26950,162500.41438525938,864877.2029088514
2021-06-10,1628456.2493834407,547243.5434432029,26950,162500.41438525938,891762.2915549784
2021-06-11,1628684.2851765538,548674.535247656,26950,162500.41438525938,890559.3355436384
2021-06-14,1658820.830189799,553932.3493899172,26950,162500.41438525938,915438.0664146224
2021-06-15,1636876.8133734353,550314.6089736802,26950,162500.41438525938,897111.7900144958
2021-06-16,1624016.8336959486,548304.7531868818,26950,162500.41438525938,886261.6661238075
2021-06-17,1665287.1312345876,555266.8720421036,26950,162500.41438525938,920569.8448072248
2021-06-18,1639293.8474160812,550909.5184355733,26950,162500.41438525938,898933.9145952485
2021-06-21,1654757.6375263785,553691.1274405055,26950,162500.41438525938,911616.0957006137
2021-06-22,1685139.2732865592,558852.4724305,26950,162500.41438525938,936836.3864707999
2021-06-23,1686281.5346738587,559125.7853390074,26950,162500.41438525938,937705.3349495919
2021-06-24,1705379.9220443119,562582.7765472964,26950,162500.41438525938,953346.7311117561
2021-06-25,1700710.0673632207,561891.3488643918,26950,162500.41438525938,949368.3041135697
2021-06-28,1739495.2241959665,568724.8585395061,26950,162500.41438525938,981319.9512712009
2021-06-29,1751429.7936406746,570782.9489024378,26950,162500.41438525938,991196.4303529774
2021-06-30,1744774.4797723908,569882.5374354518,26950,162500.41438525938,985441.5279516795
2021-07-01,1747021.429447703,570857.6648365706,27100,162980.41438525938,986083.350225873
2021-07-02,1789154.8746182676,577410.376089575,27100,162980.41438525938,1021664.0841434331
2021-07-06,1801751.5775073646,579905.8562309911,27100,162980.41438525938,1031765.3068911142
2021-07-07,1809053.0934039326,581129.4718529999,27100,162980.41438525938,1037843.2071656734
2021-07-08,1785463.7981779147,577619.63480039,27100,162980.41438525938,1017763.7489922654
2021-07-09,1808422.3666167012,581226.0679143904,27100,162980.41438525938,1037115.8843170515
2021-07-12,1821891.7428530948,583496.1736236608,27100,162980.41438525938,1048315.1548441747
2021-07-13,1819706.1300084614,583496.1736236608,27100,162980.41438525938,1046129.5419995412
2021-07-14,1826025.3658236642,584542.6637109225,27100,162980.41438525938,1051402.2877274824
2021-07-15,1798971.2756096055,580437.1345686389,27100,162980.41438525938,1028453.7266557072
2021-07-16,1768037.591722326,575735.9624699784,27100,162980.41438525938,1002221.214867088
2021-07-19,1736592.1602857132,571018.6746499871,27100,162980.41438525938,975493.0712504666
2021-07-20,1776852.872270322,577651.8662430514,27100,162980.41438525938,1009120.5916420113
2021-07-21,1805199.167295522,582111.5481882356,27100,162980.41438525938,1033007.204722027
2021-07-22,1830127.6385452729,585959.4714557122,27100,162980.41438525938,1054087.7527043014
2021-07-23,1872627.1658327677,592801.9708928881,27100,162980.41438525938,1089744.7805546203
2021-07-26,1874044.272535024,593268.83547851,27100,162980.41438525938,1090695.0226712546
2021-07-27,1829889.6584382008,586732.2399468364,27100,162980.41438525938,1053077.004106105
2021-07-28,1843681.2014298257,588986.2299347761,27100,162980.41438525938,1064614.5571097902
2021-07-29,1849838.6098508406,590032.7691553346,27100,162980.41438525938,1069725.4263102466
2021-07-30,1829148.8132864246,586957.6635122787,27100,162980.41438525938,1052110.7353888866
2021-08-02,1828743.461543363,587755.9615429739,27250,163460.41438525938,1050277.08561513
2021-08-03,1851852.3172077842,591318.5935532225,27250,163460.41438525938,1069823.3092693023
2021-08-04,1857162.2952420348,592172.9817510487,27250,163460.41438525938,1074278.8991057267
2021-08-05,1882379.2133488662,595929.1019159614,27250,163460.41438525938,1095739.6970476455
2021-08-06,1863652.5103625213,593317.5283867618,27250,163460.41438525938,1079624.5675905
2021-08-09,1869052.6518224068,594413.7644789,27250,163460.41438525938,1083928.4729582474
2021-08-10,1847904.9508586393,591366.9532928702,27250,163460.41438525938,1065827.5831805097
2021-08-11,1838855.3854555045,590351.3495641936,27250,163460.41438525938,1057793.6215060514
2021-08-12,1850552.2357663582,592479.2765008424,27250,163460.41438525938,1067362.5448802563
2021-08-13,1864292.3413013862,594558.8436978434,27250,163460.41438525938,1079023.0832182835
2021-08-16,1864651.2290103454,594816.7787079891,27250,163460.41438525938,1079124.035917097
2021-08-17,1828488.0773258363,589577.593729829,27250,163460.41438525938,1048200.0692107478
2021-08-18,1789888.2036118582,583903.1218987657,27250,163460.41438525938,1015274.6673278332
2021-08-19,1808848.682736805,586724.2215023905,27250,164073.82356700685,1030800.6376674076
2021-08-20,1849993.7373605855,592801.707562543,27250,164762.19149859148,1065179.8382994512
2021-08-23,1910609.095102076,601668.0206025065,27250,165312.31086966468,1116378.763629905
2021-08-24,1922826.9014376914,603505.7399051954,27250,165381.37374418206,1126689.7877883138
2021-08-25,1927005.5206139127,604198.9125721715,27250,165402.8554430536,1130153.7525986875
2021-08-26,1898572.9098035935,600362.258435943,27250,165344.53487860272,1105616.1164890477
2021-08-27,1938863.1226533446,606197.8966017837,27250,165465.03737585503,1139950.1886757058
2021-08-30,1985369.8631678242,613000.7787566532,27250,165524.2362344959,1179594.8481766752
2021-08-31,1981236.8791063307,612501.0450482683,27250,165525.87917440615,1175959.9548836562
2021-09-01,1988424.6428719547,614266.599580872,27400,166010.3100334854,1180747.7332575973
2021-09-02,1985434.937136735,613976.086435666,27400,166011.77729054127,1178047.0734105278
2021-09-03,1984738.435585922,615864.520391932,27400,166014.6177329224,1175459.2974610678
2021-09-07,1988017.3434969026,616736.0598275503,27400,166016.80164152762,1177864.4820278247
2021-09-08,1958958.7941810007,614589.4248019098,27400,166016.8007651097,1150952.5686139811
2021-09-09,1939092.3711156119,612475.0525958878,27400,166016.79915660713,1133200.519363117
2021-09-10,1902545.7203559289,607826.6452477373,27400,166016.44879101805,1101302.6263171735
2021-09-13,1897630.2883071015,607406.9823116309,27400,166017.0439249338,1096806.2620705368
2021-09-14,1883276.0603396548,605680.0102220968,27400,166017.06222031504,1084178.987897243
2021-09-15,1915048.4263302682,610183.111741431,27400,166017.0798892137,1111448.2346996234
2021-09-16,1916077.484410774,610602.7746775376,27400,166017.08002177114,1112057.6297114652
2021-09-17,1862106.7590545695,603371.9133297242,27400,166017.08001581547,1065317.7657090297
2021-09-20,1768172.6297315597,590249.910375783,27400,166017.0800242152,984505.6393315615
2021-09-21,1772974.4473369126,590976.1932387983,27400,166176.94803264807,988421.3060654663
2021-09-22,1811496.3472202844,596496.1892787804,27400,167019.62799139222,1020580.5299501118
2021-09-23,1846027.490013901,602000.0292808465,27400,167548.06797715835,1049079.392755896
2021-09-24,1849659.4225832797,602564.8995333429,27400,167631.6412445923,1052062.8818053445
2021-09-27,1811037.3464857978,597755.1288308867,27400,167425.0751907033,1018457.1424642077
2021-09-28,1689349.0605124244,580840.1019264974,27400,163555.92665151818,917553.0319344087
2021-09-29,1681776.4600840937,579887.8315575131,27400,163265.93714813478,911222.691378446
2021-09-30,1665742.5293706097,577757.3033135752,27400,162618.76911282758,897966.456944207
2021-10-01,1692021.843195043,582090.4465397568,27550,164500.47379609785,917880.9228591883
2021-10-04,1604355.082622829,569872.6597547964,27550,159571.99833157958,847360.4245364529
2021-10-05,1656062.8391240877,577565.3585896825,27550,162895.26255951176,888052.2179748936
2021-10-06,1679922.2714599655,581266.2640358474,27550,164416.94828225864,906689.0591418594
2021-10-07,1715543.1893365053,586599.4069284179,27550,166014.7383527709,935379.0440553166
2021-10-08,1695150.6150158148,583674.2519821627,27550,165390.49800288564,918535.8650307665
2021-10-11,1662892.564698223,579197.6453558477,27550,164542.63683040906,891602.2825119662
2021-10-12,1644631.148061686,577177.5079996074,27550,164004.613999408,875899.0260626706
2021-10-13,1676706.138051157,581799.5585972006,27550,165787.67663879925,901568.9028151571
2021-10-14,1750981.7430761284,592514.3750258605,27550,167936.13439618557,962981.2336540823
2021-10-15,1776073.9741230852,596247.5849146118,27550,168360.79555310195,983915.5936553715
2021-10-18,1816126.3332276142,602243.3387784002,27550,168683.24810809322,1017649.7463411207
2021-10-19,1845874.7081370237,606800.7804908206,27550,168703.16863490455,1042820.7590112987
2021-10-20,1840031.8377911202,606008.9024294976,27550,168704.43956399843,1037768.4957976241
2021-10-21,1865232.2977162686,609709.7585559028,27550,168704.67939300503,1059267.8597673608
2021-10-22,1829900.6244924627,604586.7178395428,27550,168704.67964607562,1029059.2270068442
2021-10-25,1871669.4966770653,610776.3969983688,27550,168704.67964690438,1064638.420031792
2021-10-26,1883522.7930323621,612699.5717070902,27550,168704.67964690438,1074568.5416783674
2021-10-27,1892828.2007928593,614121.756297045,27550,168704.67964690438,1082451.76484891
2021-10-28,1933840.5687550055,620941.7419845025,27550,168704.67964690438,1116644.1471235985
2021-10-29,1954075.0876780557,623996.1640208628,27550,168704.67964690438,1133824.2440102887
2021-11-01,1966715.2752168532,626879.4409057949,27700,169184.67964690438,1142951.1546641542
2021-11-02,1986758.9853755962,629500.667069311,27700,169184.67964690438,1160373.6386593808
2021-11-03,2037971.7518190665,636183.2037877378,27700,169184.67964690438,1204903.8683844244
2021-11-04,2092468.9708945625,644338.1680355497,27700,169184.67964690438,1251246.1232121084
2021-11-05,2093228.6242715383,644953.033309231,27700,169184.67964690438,1251390.911315403
2021-11-08,2084607.8911823402,644079.2747951135,27700,169184.67964690438,1243643.9367403223
2021-11-09,2045702.8815748799,639645.8453273806,27700,169184.67964690438,1209172.356600595
2021-11-10,1969270.9787351545,630245.0036526287,27700,169184.67964690438,1142141.2954356214
2021-11-11,1979811.4405348825,631992.4713020273,27700,169184.67964690438,1150934.2895859508
2021-11-12,2032897.7296198313,638642.6648824633,27700,169184.67964690438,1197370.3850904638
2021-11-15,2029808.5254508525,638496.9973144131,27700,169184.67964690438,1194426.848489535
2021-11-16,2065998.4926402497,643043.7512122053,27700,169184.67964690438,1226070.06178114
2021-11-17,2068117.598234367,643383.5269870368,27700,169184.67964690438,1227849.391600426
2021-11-18,2122046.5969442273,650049.8674470498,27700,169184.67964690438,1275112.0498502732
2021-11-19,2151193.0609510993,653674.2740554833,27700,169184.67964690438,1300634.1072487116
2021-11-22,2088004.2294128812,646085.6356849482,27700,169184.67964690438,1245033.9140810287
2021-11-23,2063720.243752942,643140.8300050143,27700,169184.67964690438,1223694.7341010233
2021-11-24,2079073.0206701506,645211.9265496673,27700,169184.67964690438,1236976.414473579
2021-11-26,1981782.9734736108,632979.5048673676,27700,169184.67964690438,1151918.788959339
2021-11-29,2093151.574846434,646716.6972170434,27700,169184.67964690438,1249550.1979824863
2021-11-30,2017361.2547186725,637218.7767494825,27700,169184.67964690438,1183257.7983222858
2021-12-01,1933403.212251447,627127.8506833361,27850,169664.67964690438,1108760.6819212064
2021-12-02,1969569.1244347128,631647.6173816059,27850,170626.91583140078,1139444.591221706
2021-12-03,1882934.1608844309,620664.1339249868,27850,167891.49938783614,1066528.5275716078
2021-12-06,1921873.2103425418,625637.4939144045,27850,169617.17545707498,1098768.5409710621
2021-12-07,2078505.5947938145,644477.8558671988,27850,172552.50325152292,1233625.2356750928
2021-12-08,2101637.831485791,647361.423811917,27850,172994.81793475465,1253431.5897391196
2021-12-09,2021670.9303126363,637835.9646978087,27850,171840.4280945746,1184144.537520253
2021-12-10,2078046.6183188327,644769.4903984774,27850,172805.30245574066,1232621.8254646147
2021-12-13,2002687.576613062,635454.5875597915,27850,171846.3822793826,1167536.606773888
2021-12-14,1949967.1192682143,628877.4601191649,27850,170792.05156654722,1122447.607582502
2021-12-15,2067366.870471634,643214.2710248607,27850,172948.87063892055,1223353.7288078528
2021-12-16,1937990.2309297444,626674.2573921882,27850,169974.64546202586,1113491.3280755305
2021-12-17,1912873.9646716593,623547.7018697051,27850,169599.10185541984,1091877.1609465342
2021-12-20,1858448.3009922404,616711.3712001423,27850,168423.76159403287,1045463.1681980653
2021-12-21,1970758.8394943313,630513.6094347554,27850,171985.3607094411,1140409.8693501349
2021-12-22,2032591.3933174922,638192.3629578508,27850,173267.19840942865,1193281.8319502128
2021-12-23,2070883.0523339082,643003.7147494383,27850,173879.95005316127,1226149.3875313087
2021-12-27,2156115.4695545137,653630.7999460154,27850,174602.7947291775,1300031.8748793206
2021-12-28,2130835.309626109,650601.3900166773,27850,174635.88180608413,1277748.0378033472
2021-12-29,2129528.742259573,650504.1949855714,27850,174657.46262138005,1276517.0846526218
2021-12-30,2113428.857811306,648560.2449254917,27850,174666.81277807814,1262351.8001077364
2021-12-31,2080734.433460882,644510.2871695413,27850,174670.24978073462,1233703.896510606
2022-01-03,2129433.046357722,651464.8006989546,28000,175157.8999789528,1274810.3456798147
2022-01-04,2060687.8316432363,643014.9747011103,28000,175157.8999789528,1214514.956963173
2022-01-05,1908657.8662831255,623260.8504088226,28000,175157.8999789528,1082239.11589535
2022-01-06,1900679.3078918783,622822.919161765,28000,175231.01836385956,1074625.3703662537
2022-01-07,1845802.321782941,616076.0161393123,28000,173361.8188518969,1028364.4867917319
2022-01-10,1846173.2890591742,616481.4787044,28000,174238.3177301874,1027453.4926245869
2022-01-11,1921630.2572289372,625742.2793273618,28000,176734.4718383415,1091153.5060632338
2022-01-12,1941119.1194433179,628223.708245901,28000,177473.3077520905,1107422.1034453264
2022-01-13,1743795.468395146,612507.9752635056,28000,97909.474183211,1005378.0189484294
2022-01-14,1773382.7872167947,616319.3332743186,28000,99263.13367653103,1029800.320265945
2022-01-18,1651994.892671346,600976.5941750411,28000,92583.13503840133,930435.1634579035
2022-01-19,1596930.2490840512,594375.7012315689,28000,89602.59892541997,884951.9489270623
2022-01-20,1538332.5871415422,586655.6781539173,28000,86404.70595180943,837272.2030358156
2022-01-21,1423754.415390674,570388.5220223956,28000,79729.2220390522,745636.6713292262
2022-01-24,1440471.5908717997,572999.6771839884,28000,80734.51173494163,758737.4019528697
2022-01-25,1349444.6729001359,559716.7195921193,28000,75299.19362120854,686428.759686808
2022-01-26,1336518.2753664372,558840.9560878881,28000,75156.97116765799,674520.3481108911
2022-01-27,1297855.5857953557,553213.1337046729,28000,73109.74340977789,643532.7086809049
2022-01-28,1422225.5853827256,570566.9017934621,28000,79245.07037612914,744413.6132131342
2022-01-31,1557956.3083495987,588812.7172224094,28000,86182.68964976433,854960.9014774249
2022-02-01,1587631.3887444078,593568.6893452738,28150,88156.96544013725,877755.7339589968
2022-02-02,1619959.307154004,598391.6806587821,28150,90047.58937578919,903370.0371194327
2022-02-03,1465752.9401966142,574130.5788462928,28150,80111.85756964558,783360.5037806758
2022-02-04,1512910.1471713479,581373.2180352036,28150,82603.38249053035,820783.5466456139
2022-02-07,1481292.1297954642,576696.3719666428,28150,80859.787401921,795585.9704269003
2022-02-08,1521321.2465156745,583175.725613783,28150,80859.787401921,829135.7334999706
2022-02-09,1600167.413641754,595533.6466060973,28150,80859.787401921,895623.9796337358
2022-02-10,1517871.4574764813,582055.229178292,28150,80859.787401921,826806.4408962682
2022-02-11,1410450.3087379804,563591.4698698545,28150,80859.787401921,737849.0514662049
2022-02-14,1413281.2123098187,564289.7358926793,28150,80859.787401921,739981.6890152183
2022-02-15,1500101.181788814,578320.274098362,28150,80859.787401921,812771.1202885311
2022-02-16,1498679.4473104393,578174.1288534144,28150,80859.787401921,811495.5310551038
2022-02-17,1399245.5353071762,560977.0112254155,28150,80859.787401921,729258.7366798397
2022-02-18,1358686.1875388902,554578.8328618371,28150,80859.787401921,695097.567275132
2022-02-22,1325245.422919582,549008.8108862946,28150,80859.787401921,667226.8246313664
2022-02-23,1248482.5827469092,534945.8620362594,28150,80859.787401921,604526.9333087289
2022-02-24,1348944.2903424075,552922.420970645,28150,80859.787401921,687012.0819698415
2022-02-25,1399596.709420518,561496.6222438199,28150,80859.787401921,729090.2997747773
2022-02-28,1404189.999726614,563169.2394571883,28150,80859.787401921,732010.9728675047
2022-03-01,1354534.1511725748,555296.3231023642,28300,81339.787401921,689598.0406682896
2022-03-02,1401678.558825259,564613.8847382423,28300,81339.787401921,727424.8866850957
2022-03-03,1358271.133599289,556548.4506219049,28300,81339.787401921,692082.8955754631
2022-03-04,1315679.8844377692,548482.966880983,28300,81339.787401921,657557.1301548653
2022-03-07,1213321.4017409035,528254.2989473892,28300,81339.787401921,575427.3153915934
2022-03-08,1195633.0815573914,525798.9241241746,28300,81339.787401921,560194.3700312958
2022-03-09,1295803.9396129583,544726.6835715303,28300,81339.787401921,641437.4686395071
2022-03-10,1263083.4795689562,538677.5955781311,28300,81339.787401921,614766.096588904
2022-03-11,1207504.310601513,527506.3075831678,28300,81339.787401921,570358.215616424
2022-03-14,1157344.8642948857,517375.7463771949,28300,81339.787401921,530329.3305157697
2022-03-15,1240965.3212390393,533604.1765432643,28300,81339.787401921,597721.3572938539
2022-03-16,1346718.1938133854,553393.8157765815,28300,81339.787401921,683684.5906348829
2022-03-17,1378982.122749288,560093.3332008073,28300,81339.787401921,709249.0021465597
2022-03-18,1441056.760322737,571557.3069959551,28300,81339.787401921,759859.6659248611
2022-03-21,1426972.557619887,569264.5023120085,28300,81339.787401921,748068.2679059573
2022-03-22,1488191.233613643,580452.0671707325,28300,81339.787401921,798099.3790409896
2022-03-23,1442414.2583128419,572110.174493387,28300,81339.787401921,760664.296417534
2022-03-24,1512531.8783747172,584826.2758080752,28300,81339.787401921,818065.815164721
2022-03-25,1508962.7287309128,584338.4661411014,28300,81339.787401921,814984.4751878902
2022-03-28,1558429.159177031,593379.569215971,28300,81339.787401921,855409.8025591387
2022-03-29,1615642.015599202,603591.4651161627,28300,81339.787401921,902410.7630811182
2022-03-30,1577915.7444937576,596924.4517948736,28300,81339.787401921,871351.505296963
2022-03-31,1536356.4679935626,589525.7239731236,28300,81339.787401921,837190.9566185181
2022-04-01,1530328.7745145452,589153.7121144991,28450,81819.787401921,830905.2749981253
2022-04-04,1601052.444221998,601283.5567835377,28450,81819.787401921,889499.1000365393
2022-04-05,1525209.7698216545,587932.5838109681,28450,81819.787401921,827007.3986087653
2022-04-06,1453881.0935654552,575167.728573931,28450,81819.787401921,768443.5775896031
2022-04-07,1461072.2632541652,576535.3863113453,28450,81819.787401921,774267.0895408989
2022-04-08,1416439.8407622995,568475.9196329054,28450,81819.787401921,737694.1337274732
2022-04-11,1343383.661904179,555027.2603710801,28450,81819.787401921,678086.6141311778
2022-04-12,1329851.7031356685,552682.6900532736,28450,81819.787401921,666899.225680474
2022-04-13,1391257.6364050303,563917.0605081914,28450,81819.787401921,717070.788494918
2022-04-14,1322980.1832255926,551021.9237602552,28450,81819.787401921,661688.4720634165
2022-04-18,1323372.1571211023,551445.2641389207,28450,81819.787401921,661657.1055802607
2022-04-19,1391522.9916869218,563770.5310743082,28450,81819.787401921,717482.6732106926
2022-04-20,1346930.4280917444,555548.2373511633,28450,81819.787401921,681112.40333866
2022-04-21,1286317.9147288876,544053.353562285,28450,81819.787401921,631994.7737646817
2022-04-22,1214133.3367149956,529806.8566877565,28450,81819.787401921,574056.692625318
2022-04-25,1248463.3429663503,536612.5998410216,28450,81819.787401921,601580.9557234077
2022-04-26,1151305.3148088737,516358.1974259313,28450,81819.787401921,524677.3299810215
2022-04-27,1147832.6802879935,515739.48446875485,28450,81819.787401921,521823.4084173178
2022-04-28,1244419.9697772418,534056.40902172,28450,81819.787401921,600093.7733536006
2022-04-29,1131856.6508363793,510024.58810812153,28450,81819.787401921,511562.2753263367
2022-05-02,1174864.6143566126,519289.94069903286,28600,82299.787401921,544674.8862556587
2022-05-03,1176336.4946554578,519844.31357032957,28600,82299.787401921,545592.3936832073
2022-05-04,1254709.6413378487,537421.38193798,28600,82299.787401921,606388.4719979478
2022-05-05,1143148.7000359555,510354.64026586834,28600,82299.787401921,521894.2723681663
2022-05-06,1117395.0401063906,504240.16773872136,28600,82299.787401921,502255.08496574825
2022-05-09,1037691.4013956652,484510.7930991861,28600,82299.787401921,442280.8208945583
2022-05-10,1061609.5575499367,490397.0178603661,28600,82299.787401921,460312.75228764967
2022-05-11,1003414.9595369166,475852.70398152235,28600,82299.787401921,416662.4681534732
2022-05-12,998585.0470913812,474727.63705575094,28600,82299.787401921,412957.62263370916
2022-05-13,1070849.3644990125,492321.0266065792,28600,82299.787401921,467628.55049051216
2022-05-16,1047121.3100752928,486614.185581242,28600,82299.787401921,449607.33709212975
2022-05-17,1099660.5851587013,499218.1695306947,28600,82299.787401921,489542.6282260855
2022-05-18,1005727.5260131186,474711.3656322778,28600,82299.787401921,420116.37297891977
2022-05-19,994717.7015634469,472167.69928205624,28600,82299.787401921,411650.2148794696
2022-05-20,988680.0502499406,470700.2358274819,28600,82299.787401921,407080.02702053764
2022-05-23,1018729.2723342632,478526.79051805293,28600,82299.787401921,429302.6944142892
2022-05-24,979412.2283585555,468352.2743962811,28600,82299.787401921,400160.16656035336
2022-05-25,1005213.8544007152,474907.02079159376,28600,82299.787401921,419407.0462072004
2022-05-26,1059020.0238141082,488065.3278526384,28600,82299.787401921,460054.90855954896
2022-05-27,1126039.6868252084,503995.59878957644,28600,82299.787401921,511144.3006337108
2022-05-31,1119452.5737596126,502658.5555213111,28600,82299.787401921,505894.23083638056
2022-06-01,1105451.5817952703,499690.95821519394,28750,82779.787401921,494230.83617815544
2022-06-02,1159860.4208642223,513375.31334506517,28750,82779.787401921,534955.3201172362
2022-06-03,1107920.263903384,500017.57354652137,28750,82779.787401921,496372.9029549418
2022-06-06,1113759.6031167214,501683.19213348435,28750,82779.787401921,500546.6235813159
2022-06-07,1130559.2666836716,506010.57118380687,28750,82779.787401921,513018.90809794364
2022-06-08,1116200.1954316134,502369.0643954707,28750,82779.787401921,502301.3436342217
2022-06-09,1065006.0192047996,488913.3001299265,28750,82779.787401921,464562.93167295225
2022-06-10,1001786.0436834481,471669.0671272996,28750,82779.787401921,418587.1891542275
2022-06-13,924643.7503790879,449738.19814369123,28750,82779.787401921,363375.76483347564
2022-06-14,927300.3234667426,450554.6866375069,28750,82779.787401921,365215.84942731477
2022-06-15,968774.9364962098,461805.87216834544,28750,82779.787401921,395439.2769259433
2022-06-16,904101.7408102832,443173.6485938342,28750,82779.787401921,349398.304814528
2022-06-17,923153.8122041227,448562.4527192165,28750,82779.787401921,363061.5720829851
2022-06-21,960614.009148601,458997.14975623944,28750,82779.787401921,390087.0719904406
2022-06-22,957800.8233615564,458327.673045673,28750,82779.787401921,387943.36291396234
2022-06-23,982833.7872023263,465153.5048936914,28750,82779.787401921,406150.49490671395
2022-06-24,1043548.1638780856,481091.3264055115,28750,82779.787401921,450927.050070653
2022-06-27,1029720.6134338344,477564.1399665903,28750,82779.787401921,440626.6860653232
2022-06-28,976920.2748500481,463014.3090266546,28750,82779.787401921,402376.1784214725
2022-06-29,978215.6433195467,463438.8491559768,28750,82779.787401921,403247.0067616489
2022-06-30,957320.4058158691,457690.78809993545,28750,82779.787401921,388099.8303140127
2022-07-01,969624.4216447263,461461.80549395405,28900,83259.787401921,396002.8287488513
2022-07-05,995886.6320837841,469361.9022067267,28900,83259.787401921,414364.9424751363
2022-07-06,1006004.2433735039,472371.4652361463,28900,83259.787401921,421472.9907354365
2022-07-07,1041047.0150758743,482479.7295520481,28900,83259.787401921,446407.4981219051
2022-07-08,1042946.6064172557,483084.9066400796,28900,83259.787401921,447701.91237525514
2022-07-11,1007407.9067096023,472764.05165955174,28900,83259.787401921,422484.0676481296
2022-07-12,991707.7485772718,468184.2427677687,28900,83259.787401921,411363.7184075821
2022-07-13,988265.9199911025,467219.2239090659,28900,83259.787401921,408886.9086801156
2022-07-14,993775.4815130437,468887.60389837343,28900,83259.787401921,412728.0902127493
2022-07-15,1022991.5092733414,477392.8776991776,28900,83259.787401921,433438.84417224285
2022-07-18,1008662.8936464771,473352.85642121616,28900,83259.787401921,423150.24982334
2022-07-19,1059557.2271526135,487910.0009335936,28900,83259.787401921,459487.43881709897
2022-07-20,1086453.5495211005,495646.57404521224,28900,83259.787401921,478647.1880739672
2022-07-21,1111395.6340483997,502761.5977424324,28900,83259.787401921,496474.24890404637
2022-07-22,1080566.6957806107,493945.49931879976,28900,83259.787401921,474461.4090598899
2022-07-25,1070133.0353356043,491132.20454326837,28900,83259.787401921,466841.0433904149
2022-07-26,1036916.2346724735,481481.9660406111,28900,83259.787401921,443274.4812299414
2022-07-27,1109193.1055253914,501829.2736208346,28900,83259.787401921,495204.0445026358
2022-07-28,1126378.392009413,506736.17963055475,28900,83259.787401921,507482.4249769373
2022-07-29,1159257.4410592958,515977.5092990686,28900,83259.787401921,531120.1443583062
2022-08-01,1159135.4921045036,516416.73459186935,29050,83739.787401921,529928.9701107132
2022-08-02,1153139.7435586127,514876.99719784054,29050,83739.787401921,525472.9589588509
2022-08-03,1206911.966018543,528898.4451667422,29050,83739.787401921,565223.7334498799
2022-08-04,1216156.7457007854,531371.8126922001,29050,83739.787401921,571995.1456066645
2022-08-05,1199413.0420451984,527031.0849274285,29050,83739.787401921,559592.169715849
2022-08-08,1192270.0144895653,525327.5361107573,29050,83739.787401921,554152.690976887
2022-08-09,1169707.9087713626,519381.53638525447,29050,83739.787401921,537536.5849841873
2022-08-10,1225595.6649508309,533877.972495123,29050,83739.787401921,578927.9050537869
2022-08-11,1213828.8888479029,530847.6361350353,29050,83739.787401921,570191.4653109465
2022-08-12,1253737.8833423073,541183.5520415074,29050,83739.787401921,599764.5438988789
2022-08-15,1270041.233221781,545557.0220955163,29050,83739.787401921,611694.4237243437
2022-08-16,1264882.4099978125,544279.3729800698,29050,83739.787401921,607813.2496158215
2022-08-17,1240798.7007185891,538071.2849759846,29050,83739.787401921,589937.6283406836
2022-08-18,1245451.4328137415,539365.3302301638,29050,83739.787401921,593296.3151816567
2022-08-19,1205431.6047928166,528849.2567505444,29050,83739.787401921,563792.560640351
2022-08-22,1152928.344629528,514926.1356258105,29050,83739.787401921,525212.4216017966
2022-08-23,1150780.5928173377,514500.28591281356,29050,83739.787401921,523490.519502603
2022-08-24,1156141.710218411,515990.8848788724,29050,83739.787401921,527361.0379376176
2022-08-25,1190765.2153084544,525114.586260145,29050,83739.787401921,552860.8416463884
2022-08-26,1112236.5556936793,503591.1050094347,29050,83739.787401921,495855.6632823235
2022-08-29,1093241.3651514915,498627.92383155867,29050,83739.787401921,481823.6539180118
2022-08-30,1072654.8656210154,493075.0315298154,29050,83739.787401921,466790.0466892789
2022-08-31,1062035.7170726832,490208.50659237016,29050,83739.787401921,459037.423078392
2022-09-01,1064071.6037466412,491171.4564429826,29200,84219.787401921,459480.3599017376
2022-09-02,1040138.7441763405,484232.09201440605,29200,84219.787401921,442486.8647600135
2022-09-06,1027471.4196575405,480754.1491287949,29200,84219.787401921,433297.4831268246
2022-09-07,1061209.943763895,490466.0451766874,29200,84219.787401921,457324.1111852864
2022-09-08,1069867.3451570289,493008.83000387927,29200,84219.787401921,463438.72775122867
2022-09-09,1107866.2123684515,503787.0535578627,29200,84219.787401921,490659.3714086679
2022-09-12,1128504.4226391115,509774.93884407304,29200,84219.787401921,505309.6963931174
2022-09-13,1034562.4979521083,481820.5266995605,29200,84219.787401921,439322.18385062664
2022-09-14,1047551.4505845098,485642.9145469964,29200,84219.787401921,448488.7486355923
2022-09-15,1019914.2266951213,477555.1666105221,29200,84219.787401921,428939.2726826781
2022-09-16,1009829.863718861,474635.04433023825,29200,84219.787401921,421775.03198670177
2022-09-19,1018795.283968145,477473.1106087153,29200,84219.787401921,427902.38595750876
2022-09-20,1005234.5822858514,473667.14397457574,29200,84219.787401921,418147.65090935456
2022-09-21,976814.2587804586,465185.63737171306,29200,84219.787401921,398208.83400682453
2022-09-22,957550.638596317,459460.24117487005,29200,84219.787401921,384670.61001952604
2022-09-23,932789.7956856438,451979.4773542625,29200,84219.787401921,367390.5309294603
2022-09-26,926066.6813973569,450109.2613667733,29200,84219.787401921,362537.6326286626
2022-09-27,926408.9804557499,450289.7445190085,29200,84219.787401921,362699.44853482046
2022-09-28,955373.0215958054,459246.96566071693,29200,84219.787401921,382706.2685331674
2022-09-29,912574.4245385786,446007.96321667376,29200,84219.787401921,353146.6739199839
2022-09-30,888200.7215815296,438445.19345893414,29200,84219.787401921,336335.74072067434
2022-10-03,923078.1683947365,449481.2311961008,29350,84699.787401921,359547.1497967146
2022-10-04,967000.5506701786,463613.28745666903,29350,84699.787401921,389337.47581158864
2022-10-05,965918.1578503405,463366.8083078935,29350,84699.787401921,388501.56214052596
2022-10-06,954461.1925158128,459718.7664609602,29350,84699.787401921,380692.63865293167
2022-10-07,901785.4790115547,442201.5961616032,29350,84699.787401921,345534.0954480306
2022-10-10,888028.1773684882,437781.21954960533,29350,84699.787401921,336197.1704169619
2022-10-11,869917.3553954462,431766.87757772335,29350,84699.787401921,324100.69041580183
2022-10-12,869320.2364766425,431618.990088458,29350,84699.787401921,323651.45898626355
2022-10-13,900072.6141792481,441741.48503443826,29350,84699.787401921,344281.3417428889
2022-10-14,860454.3678555635,428463.90653907583,29350,84699.787401921,317940.6739145667
2022-10-17,903421.1421554787,442612.411459013,29350,84699.787401921,346758.94329454465
2022-10-18,913857.8820253005,446112.56581668096,29350,84699.787401921,353695.5288066985
2022-10-19,908700.9544558959,444485.7031380589,29350,84699.787401921,350165.46391591604
2022-10-20,901684.2051329772,442217.9946726204,29350,84699.787401921,345416.4230584359
2022-10-21,933569.9452989297,452587.0189157279,29350,84699.787401921,366933.13898128085
2022-10-24,948487.4323870813,457566.0983144009,29350,84699.787401921,376871.54667075945
2022-10-25,977907.787701145,467031.248665844,29350,84699.787401921,396826.75163338013
2022-10-26,946174.2430675928,456711.57040084334,29350,84699.787401921,375412.8852648285
2022-10-27,920783.9465946213,448396.6727931367,29350,84699.787401921,358337.4863995636
2022-10-28,963440.394456927,462117.9137562951,29350,84699.787401921,387272.6932987109
2022-10-31,946462.9673935729,456744.4677195812,29350,84699.787401921,375668.71227207076
2022-11-01,933538.5449436755,452827.5618104561,29500,85179.787401921,366031.1957312984
2022-11-02,887665.1405872094,437305.91294770164,29500,85179.787401921,335679.44023758674
2022-11-03,862378.668489178,428763.23446829634,29500,85179.787401921,318935.6466189607
2022-11-04,882705.6402409086,435659.9255756628,29500,85179.787401921,332365.9272633249
2022-11-07,896638.1151140345,440449.75485608156,29500,85179.787401921,341508.57285603194
2022-11-08,906153.7886779853,443659.4503241766,29500,85179.787401921,347814.5509518878
2022-11-09,875865.0686538473,433421.4068608332,29500,85179.787401921,327763.8743910932
2022-11-10,976156.6005383786,465402.92944397585,29500,85179.787401921,396073.88369248173
2022-11-11,1002636.1677903672,473978.50958746456,29500,85179.787401921,413977.87080098165
2022-11-14,989336.7780985141,469830.6394932841,29500,85179.787401921,404826.35120330896
2022-11-15,1009397.1585132789,476332.3097054567,29500,85179.787401921,418385.0614059013
2022-11-16,989263.3355519639,469830.6394932841,29500,85179.787401921,404752.9086567587
2022-11-17,985920.2375868653,468793.65941185196,29500,85179.787401921,402446.7907730924
2022-11-18,985712.8557102607,468810.13535966777,29500,85179.787401921,402222.93294867186
2022-11-21,970493.5690677522,463987.4044151656,29500,85179.787401921,391826.37725066557
2022-11-22,990937.6477295733,470670.10912711936,29500,85179.787401921,405587.75120053295
2022-11-23,1005434.9602268038,475394.084847823,29500,85179.787401921,415361.08797705977
2022-11-25,995479.9129878178,472266.71888725896,29500,85179.787401921,408533.4066986379
2022-11-28,973624.8207309933,465337.0758842608,29500,85179.787401921,393607.95744481153
2022-11-29,962334.4272620417,461814.6890285028,29500,85179.787401921,385839.950831618
2022-11-30,1028481.3247677822,482866.83135016455,29500,85179.787401921,430934.70601569663
2022-12-01,1031484.0252604974,484209.4129245036,29650,85659.787401921,431964.82493407273
2022-12-02,1025138.3033970913,482280.5980239094,29650,85659.787401921,427547.9179712609
2022-12-05,999058.221038441,474186.30684895423,29650,85659.787401921,409562.12678756576
2022-12-06,968462.8680050927,464360.9673133312,29650,85659.787401921,388792.1132898406
2022-12-07,961527.8536130812,462465.1554272858,29650,85659.787401921,383752.9107838743
2022-12-08,978502.9701367677,467938.3230382211,29650,85659.787401921,395254.8596966256
2022-12-09,968887.1366617766,464954.4681710038,29650,85659.787401921,388622.88108885166
2022-12-12,986601.8730534237,470790.26646618964,29650,85659.787401921,400501.81918531307
2022-12-13,1002280.1871258498,475851.29887105094,29650,85659.787401921,411119.1008528779
2022-12-14,990977.6640238243,472323.44766798435,29650,85659.787401921,403344.4289539189
2022-12-15,941976.0677151876,456464.49298777577,29650,85659.787401921,370201.7873254908
2022-12-16,927933.6742064275,452112.32106308796,29650,85659.787401921,360511.5657414187
2022-12-19,904980.3563747747,444693.88735375745,29650,85659.787401921,344976.6816190962
2022-12-20,903665.7802249414,444347.7078673079,29650,85659.787401921,344008.28495571256
2022-12-21,922837.7571476753,450793.5085274408,29650,85659.787401921,356734.46121831343
2022-12-22,889501.1257269954,439764.76638814487,29650,85659.787401921,334426.5719369295
2022-12-23,892242.7529640105,440753.8506351435,29650,85659.787401921,336179.11492694594
2022-12-27,872643.7946177716,434522.36833168485,29650,85659.787401921,322811.6388841658
2022-12-28,855483.964847239,428785.47846119886,29650,85659.787401921,311388.69898411905
2022-12-29,887166.8257977613,439237.2212500966,29650,85659.787401921,332619.8171457437
2022-12-30,886191.7799019082,438973.4486810725,29650,85659.787401921,331908.5438189148
2023-01-03,878061.0318138436,436756.09532112966,29800,86139.787401921,325365.1490907929
2023-01-04,883735.3520371278,438836.7955393063,29800,86139.787401921,328958.7690959005
2023-01-05,864333.0242784682,431967.06292999233,29800,86139.787401921,316426.17394655495
2023-01-06,897775.6239627281,443890.00383432815,29800,86139.787401921,337945.8327264789
2023-01-09,905577.885700284,446763.4333482133,29800,86139.787401921,342874.66495014966
2023-01-10,916223.4032127745,450545.0494252239,29800,86139.787401921,349738.56638562965
2023-01-11,938638.4728210454,458339.548886175,29800,86139.787401921,364359.1365329495
2023-01-12,945495.1293238667,460816.61375220586,29800,86139.787401921,368738.7281697398
2023-01-13,954536.098461966,463987.2789549714,29800,86139.787401921,374609.0321050736
2023-01-17,956365.5373304945,464928.57569910644,29800,86139.787401921,375497.1742294671
2023-01-18,938849.8730962498,458884.53137846943,29800,86139.787401921,364025.55431585934
2023-01-19,925445.8917556321,454376.2551797283,29800,86139.787401921,355129.84917398286
2023-01-20,961593.9076582443,466811.1187913628,29800,86139.787401921,378843.00146496046
2023-01-23,991608.1960571837,477181.76168130484,29800,86139.787401921,398486.6469739578
2023-01-24,988174.0463687363,476207.45554818766,29800,86139.787401921,396026.80341862765
2023-01-25,984940.7872885421,475150.6007446083,29800,86139.787401921,393850.3991420129
2023-01-26,1011873.42322838,484414.7991534772,29800,86139.787401921,411518.8366729818
2023-01-27,1026007.8225906068,489236.84093359666,29800,86139.787401921,420831.1942550892
2023-01-30,996725.9906421002,479345.06096595735,29800,86139.787401921,401441.1422742219
2023-01-31,1017235.3169253541,486528.5591566497,29800,86139.787401921,414766.9703667835
2023-02-01,1049035.4701044322,497682.2618315876,29950,86619.787401921,434783.42087092344
2023-02-02,1106496.517120061,515544.0261301227,29950,86619.787401921,474382.70358801726
2023-02-03,1077410.6069239266,506381.57810349733,29950,86619.787401921,454459.24141850835
2023-02-06,1061910.8184366375,502098.0636210467,29950,86619.787401921,443242.96741366986
2023-02-07,1094934.5051867627,512500.91334818356,29950,86619.787401921,465863.8044366583
2023-02-08,1066090.0226397123,503388.07937069563,29950,86619.787401921,446132.1558670957
2023-02-09,1051832.8243270086,498939.1679004286,29950,86619.787401921,436323.86902465887
2023-02-10,1040979.5746974624,495664.539713206,29950,86619.787401921,428745.2475823353
2023-02-13,1065224.2712279535,503603.0904076495,29950,86619.787401921,445051.39341838285
2023-02-14,1075979.8806726118,507324.2955091839,29950,86619.787401921,452085.79776150687
2023-02-15,1088202.9177287098,511210.89759853465,29950,86619.787401921,460422.23272825417
2023-02-16,1057373.1143603674,501618.42749800143,29950,86619.787401921,439184.8994604451
2023-02-17,1046087.3159711366,498079.17422468745,29950,86619.787401921,431438.354344528
2023-02-21,1008217.5406265334,486287.0806496267,29950,86619.787401921,405360.6725749858
2023-02-22,1009216.0871592071,486650.933833993,29950,86773.70558047167,405841.44774474244
2023-02-23,1023167.5377600628,490901.3891077101,29950,87669.76378160356,414646.38487074926
2023-02-24,995519.0464419348,482681.6584867712,29950,86100.96013267212,396786.42782249145
2023-02-27,1005853.0637774464,486138.23850221426,29950,87236.51215677927,402528.3131184529
2023-02-28,1003474.2787937446,485509.76023175655,29950,87225.06125386631,400789.4573081217
2023-03-01,992066.3072573943,482356.6537740762,30100,87037.4211953802,392572.2322879379
2023-03-02,1004820.3175527214,486348.6404943756,30100,88001.19292541644,400370.48413292936
2023-03-03,1037531.4524269204,496403.2706405195,30100,90145.93378302734,420882.24800337356
2023-03-06,1039107.6991681133,496966.4556987803,30100,90636.4389673685,421404.8045019646
2023-03-07,1019451.2349367174,490870.75213218515,30100,89790.78477582081,408689.6980287114
2023-03-08,1026201.3000970408,493322.3081657974,30100,90356.51762247444,412422.474308769
2023-03-09,998882.7520505004,484775.04856559,30100,88947.50044593251,395060.20303897787
2023-03-10,975789.4728637263,477967.03545263875,30100,87490.76912704438,380231.66828404326
2023-03-13,987342.2193001721,481511.85091134807,30100,88886.6207978354,386843.7475909887
2023-03-14,1023002.3182019752,492576.8879280168,30100,91025.41229159312,409300.0179823653
2023-03-15,1030974.3570763497,495160.9372780011,30100,91539.41061354632,414174.0091848021
2023-03-16,1071926.026145035,508213.7278949688,30100,92705.2611774562,440907.0370726099
2023-03-17,1063233.9253638987,505811.8631738304,30100,92683.38229962968,434638.6798904386
2023-03-20,1066179.6589159344,506822.3205950291,30100,93098.44616411698,436158.89215678844
2023-03-21,1088451.2783012933,514060.9748991951,30100,93227.31671450559,451062.9866875925
2023-03-22,1066686.8860203447,507070.777157398,30100,93195.75876836048,436320.3500945862
2023-03-23,1085047.4121120474,513083.6787200948,30100,93249.16585886582,448614.56753308675
2023-03-24,1090635.4439696413,514972.0496954463,30100,93253.29712920231,452310.09714499273
2023-03-27,1078806.5995723351,511443.8148577862,30100,93253.44439675806,444009.34031779086
2023-03-28,1070229.5798862663,508727.22164075583,30100,93253.44439675806,438148.9138487523
2023-03-29,1099037.8634025794,518003.3208576946,30100,93253.44439675806,457681.0981481268
2023-03-30,1114075.641958497,522906.38237424515,30100,93253.44439675806,467815.8151874938
2023-03-31,1141447.6953062552,531602.7159118738,30100,93253.44439675806,486491.53499762336
2023-04-03,1138296.471100994,531060.6912368817,30250,93733.44439675806,483252.3354673541
2023-04-04,1132200.8787547876,529269.2234045275,30250,93733.44439675806,478948.2109535021
2023-04-05,1114454.2245325185,524044.0540528147,30250,93733.44439675806,466426.7260829457
2023-04-06,1125383.469413273,527577.2281283512,30250,93733.44439675806,473822.7968881638
2023-04-10,1123100.5790779386,527278.6585933198,30250,93733.44439675806,471838.4760878607
2023-04-11,1111823.3583238057,523894.7186631331,30250,93733.44439675806,463945.1952639145
2023-04-12,1096365.2515789114,519266.739003649,30250,93733.44439675806,453115.0681785043
2023-04-13,1129327.2937111827,529435.1122424892,30250,93733.44439675806,475908.7370719352
2023-04-14,1125835.2512102658,528439.8298368853,30250,93733.44439675806,473411.9769766223
2023-04-17,1126260.7988814947,528887.6841394324,30250,93733.44439675806,473389.67034530424
2023-04-18,1125601.0115012422,528920.8416581583,30250,93733.44439675806,472696.72544632567
2023-04-19,1124581.6340557472,528672.0337122988,30250,93733.44439675806,471926.15594669036
2023-04-20,1110632.22913405,524641.1931228775,30250,93733.44439675806,462007.5916144144
2023-04-21,1112006.683006164,525188.5706037683,30250,93733.44439675806,462834.6680056374
2023-04-24,1107351.1086629233,524093.8156419866,30250,93733.44439675806,459273.8486241786
2023-04-25,1074489.880109434,514207.4078677318,30250,93733.44439675806,436299.0278449442
2023-04-26,1084864.178187788,517325.93578161317,30250,94301.45778207513,442986.7846240997
2023-04-27,1131749.92876298,531392.468912805,30250,96001.95023520992,474105.50961496524
2023-04-28,1144158.819235918,535058.3743075771,30250,96404.77962418062,482445.66530416027
2023-05-01,1141995.3464288814,535194.6311670685,30400,97169.33640202759,479231.3788597852
2023-05-02,1123716.708877079,530526.9022010667,30400,96879.27126445666,465910.5354115556
2023-05-03,1111651.1294891157,527055.1780298571,30400,96717.90559321763,457478.0458660409
2023-05-04,1105493.1965842366,525194.7373920036,30400,96857.41239383575,453041.0467983972
2023-05-05,1142239.4844713488,536357.4319123295,30400,97700.67247635162,477781.38008266775
2023-05-08,1143242.751196852,537686.3035984519,30400,97944.67731431058,477211.7702840894
2023-05-09,1131541.1878438264,534281.0382195101,30400,97889.62875360428,468970.520870712
2023-05-10,1149254.646429,540094.9405594047,30400,98163.00662970947,480596.6992398858
2023-05-11,1154882.443750809,541855.7183554592,30400,98237.53946858623,484389.1859267635
2023-05-12,1147122.5519856657,539912.1915539698,30400,98233.75236531097,478576.608066385
2023-05-15,1156491.8271290616,542835.7700952854,30400,98358.25582545342,484897.8012083228
2023-05-16,1156894.062990746,543450.3745174471,30400,98380.6416118023,484663.0468614967
2023-05-17,1178910.0905857906,550028.3755422017,30400,98413.92108357608,500067.7939600128
2023-05-18,1213108.4691588758,560244.2223722326,30400,98424.5865406406,524039.6602460026
2023-05-19,1205731.34108611,558981.8094783779,30400,98424.96797119413,517924.56363653817
2023-05-22,1211568.0032337487,560858.8774875996,30400,98425.49523025971,521883.6305158894
2023-05-23,1187299.1697840136,553749.2568179085,30400,98425.49074809042,504724.42221801466
2023-05-24,1177207.4122107427,550908.7644402289,30400,98425.49582826586,497473.15194224793
2023-05-25,1222870.2634527218,564313.974287441,30400,98425.49766482331,529730.7915004576
2023-05-26,1272968.9922383649,578732.4399240103,30400,98425.49766483104,565411.0546495236
2023-05-30,1280638.4321123813,581357.0299399291,30400,98425.49766483104,570455.9045076211
2023-05-31,1267937.5454785689,578051.3767095808,30400,98425.49766483104,561060.671104157
2023-06-01,1292661.641743647,585479.0912693398,30550,98905.49766483104,577727.052809476
2023-06-02,1308736.1328250086,589870.033194344,30550,98905.49766483104,589410.6019658336
2023-06-05,1308437.9735395664,590285.8445882155,30550,98905.49766483104,588696.6312865199
2023-06-06,1306665.6749944144,590186.0539143444,30550,98905.49766483104,587024.123415239
2023-06-07,1269703.1203207027,580173.3338228824,30550,98905.49766483104,560074.2888329893
2023-06-08,1296302.6763890318,587375.1648311155,30550,98905.49766483104,579472.0138930853
2023-06-09,1304353.4850211209,589620.5565096665,30550,98905.49766483104,585277.4308466235
2023-06-12,1340206.0262923157,599583.381264193,30550,98905.49766483104,611167.1473632916
2023-06-13,1355358.0630775986,604190.6039935534,30550,98905.49766483104,621711.9614192141
2023-06-14,1368204.6125426046,608581.5459185577,30550,98905.49766483104,630167.5689592158
2023-06-15,1395916.9892061094,615833.3230219531,30550,98905.49766483104,650628.1685193253
2023-06-16,1380047.1713989652,611957.9324064645,30550,98905.49766483104,638633.7413276698
2023-06-20,1369801.2714093095,610244.7914940433,30550,98905.49766483104,630100.982250435
2023-06-21,1337985.40757702,601928.563616615,30550,98905.49766483104,606601.3462955742
2023-06-22,1364271.800932228,609030.654709204,30550,98905.49766483104,625785.6485581931
2023-06-23,1341167.7297164146,602993.0651488747,30550,98905.49766483104,608719.1669027089
2023-06-26,1309841.4986428309,594909.6652577365,30550,98905.49766483104,585476.3357202634
2023-06-27,1347158.9100889587,605138.6153953279,30550,98905.49766483104,612564.7970287998
2023-06-28,1351334.052514453,606319.556299846,30550,98905.49766483104,615558.9985497759
2023-06-29,1344881.6524016224,605105.3687567798,30550,98905.49766483104,610320.7859800115
2023-06-30,1380788.7043501292,614436.2028295323,30550,98905.49766483104,636897.0038557658
2023-07-03,1386902.6339078997,616633.2183588885,30700,99385.49766483104,640183.9178841801
2023-07-05,1386233.9370821768,616616.5493863267,30700,99385.49766483104,639531.8900310191
2023-07-06,1366884.7148067332,611920.4729273323,30700,99385.49766483104,624878.7442145699
2023-07-07,1358520.913765747,609888.8402562804,30700,99385.49766483104,618546.5758446357
2023-07-10,1357666.8353981005,610088.6646468694,30700,99385.49766483104,617492.6730864001
2023-07-11,1369412.7539349091,613102.851938381,30700,99385.49766483104,626224.404331697
2023-07-12,1399379.1970193565,620846.351993934,30700,99385.49766483104,648447.3473605915
2023-07-13,1441957.3059016787,631387.4951578096,30700,99385.49766483104,680484.3130790383
2023-07-14,1441129.8768548365,631254.2958374296,30700,99385.49766483104,679790.083352576
2023-07-17,1464449.1647447809,637149.3186399579,30700,99385.49766483104,697214.3484399919
2023-07-18,1485086.5548221897,642361.6250479867,30700,99385.49766483104,712639.4321093721
2023-07-19,1484032.0177096524,642211.7567550449,30700,99385.49766483104,711734.7632897766
2023-07-20,1422886.0238525956,627407.5238584768,30700,99385.49766483104,665393.0023292877
2023-07-21,1414603.732187097,625525.7594803666,30700,99385.49766483104,658992.4750418992
2023-07-24,1417483.148825026,626524.9322533498,30700,99385.49766483104,660872.7189068451
2023-07-25,1433843.2778561288,630771.3530134807,30700,99385.49766483104,672986.4271778171
2023-07-26,1424999.8509895816,628673.0952722197,30700,99385.49766483104,666241.2580525308
2023-07-27,1417836.145505623,627174.3615227641,30700,99385.49766483104,660576.2863180278
2023-07-28,1461601.8919053185,638598.1471118047,30700,99385.49766483104,692918.2471286829
2023-07-31,1462023.550652272,638931.1708227736,30700,99385.49766483104,693006.8821646676
2023-08-01,1456625.078459374,638199.1060458798,30850,99865.49766483104,687710.4747486631
2023-08-02,1399245.191764735,624194.3815863644,30850,99865.49766483104,644335.3125135396
2023-08-03,1394799.6226248583,623194.0332221494,30850,99865.49766483104,640890.0917378778
2023-08-04,1380928.4832633375,620276.3801730907,30850,99865.49766483104,629936.6054254158
2023-08-07,1402829.7853791532,625528.14548543,30850,100899.03717517243,645552.6027185508
2023-08-08,1379958.369966921,620209.6767141881,30850,100245.27532802026,628653.4179247128
2023-08-09,1350973.954487118,613390.7108365392,30850,99181.36268972387,607551.8809608549
2023-08-10,1355255.4893675586,614524.4152387282,30850,99477.04318863686,610404.0309401935
2023-08-11,1336682.2203191328,610606.4138254545,30850,98788.45141901982,596437.3550746585
2023-08-14,1365393.2905139648,617458.7568724704,30850,100253.17468285566,616831.3589586386
2023-08-15,1336755.1871556537,610906.553950601,30850,99210.48099107614,595788.1522139766
2023-08-16,1309012.450253781,604437.6921924865,30850,97798.26990375262,575926.4881575417
2023-08-17,1280835.653635318,597835.4235165665,30850,96107.0620865126,556043.1680322387
2023-08-18,1277150.8754517916,597085.2004032788,30850,96049.24322446529,553166.4318240475
2023-08-21,1318232.2115212064,606705.1009968644,30850,98831.46178101959,581845.6487433224
2023-08-22,1313397.0831374954,605838.1595504548,30850,98765.03150638775,577943.8920806529
2023-08-23,1352690.102124448,615391.3566851377,30850,100754.42349099368,605694.3219483164
2023-08-24,1297252.2339969533,602236.9359671798,30850,97782.12479019426,566383.1732395792
2023-08-25,1317357.8799737585,606905.1604937412,30850,99261.72025658959,580340.9992234277
2023-08-28,1336011.9219003194,611473.4061516955,30850,100859.76077524593,592828.7549733779
2023-08-29,1389011.3053722673,624827.8863665302,30850,102528.3259565091,630805.093049228
2023-08-30,1403286.1324473016,628312.3916166833,30850,102836.7837597764,641286.9570708419
2023-08-31,1410671.8418853837,630196.3700119915,30850,102992.35883269153,646633.1130407008
2023-09-01,1409044.3039099574,630279.4880624586,31000,103521.68446521384,644243.1313822849
2023-09-05,1411325.3948369704,631080.7303667079,31000,103645.3194553958,645599.3450148667
2023-09-06,1388057.290783158,625522.2105780962,31000,103645.35723553413,627889.7229695277
2023-09-07,1369623.9613826384,621048.7223287121,31000,103645.35723553413,613929.8818183922
2023-09-08,1372026.1413506959,621916.6966196463,31000,103645.35723553413,615464.0874955155
2023-09-11,1401233.690692278,629244.5819239166,31000,103645.35723553413,637343.7515328273
2023-09-12,1371890.7100244795,622267.2687817572,31000,103645.35723553413,614978.0840071882
2023-09-13,1380979.8729224177,624637.5278202669,31000,103645.35723553413,621696.9878666167
2023-09-14,1394246.0499899993,629745.3265262924,31000,103645.35723553413,629855.3662281728
2023-09-15,1350617.826478057,618962.2015847329,31000,103645.35723553413,597010.2676577901
2023-09-18,1348412.2416555383,618711.8292835449,31000,104010.92127475084,594689.4910972425
2023-09-19,1342599.718647312,617393.1339100245,31000,103911.41528833096,590295.1694489563
2023-09-20,1305296.1296298862,608496.231871494,31000,102179.56703905399,563620.3307193381
2023-09-21,1258534.7988170146,597345.8263009283,31000,99231.847703614,530957.1248124723
2023-09-22,1257907.8434691709,597429.3176949561,31000,99420.85040980161,530057.6753644131
2023-09-25,1268994.6220946612,600266.9553424993,31000,100538.43776961853,537189.2289825433
2023-09-26,1230577.8313906095,591253.1959165983,31000,97919.71845231435,510404.91702169675
2023-09-27,1236145.5311745892,592638.6742172514,31000,98413.55495314376,514093.3020041942
2023-09-28,1257023.5333571169,597596.249542564,31000,99981.87601558748,528445.4077989653
2023-09-29,1257951.3061962377,598030.2112178071,31000,100318.25971364795,528602.8352647827
2023-10-02,1277992.7696244705,603771.2034769102,31150,102490.24707331785,540581.3190742424
2023-10-03,1234378.2326602056,593175.2141188552,31150,99167.80045920586,510885.2180821446
2023-10-04,1266581.4307490042,601247.5352357319,31150,101800.69912576684,532383.1963875054
2023-10-05,1257283.0321043085,599475.9690940768,31150,101301.87885594471,525355.184154287
2023-10-06,1298649.786648613,609520.4543152713,31150,104051.11219202286,553928.2201413187
2023-10-09,1310943.0281963977,612629.0341851852,31150,105219.57644109262,561944.4175701197
2023-10-10,1321438.1565334813,616021.7562493514,31150,106018.15953325057,568248.2407508793
2023-10-11,1338893.2320631198,620417.264111614,31150,106798.90254876565,580527.0654027403
2023-10-12,1329751.112474625,618261.2822962775,31150,106700.99171140851,573638.8384669392
2023-10-13,1298727.9558834843,610489.7816176884,31150,105625.60834013639,551462.5659256595
2023-10-16,1325790.510131109,617392.2284732896,31150,107428.30138257435,569819.9802752449
2023-10-17,1315832.3694509864,615369.9786330616,31150,107560.69792180364,561751.6928961211
2023-10-18,1282068.648624884,607297.6065123805,31150,106832.67709085156,536788.3650216517
2023-10-19,1258810.2943990198,601615.2216615736,31150,105485.86255053856,520559.2101869076
2023-10-20,1222222.1453530502,592640.3882260298,31150,102754.1850279938,495677.57209902664
2023-10-23,1229068.4468951214,594428.6836155244,31150,103609.86553168237,499879.89774791454
2023-10-24,1251703.3384212092,600211.3419457605,31150,105354.97374715493,514987.02272829367
2023-10-25,1192112.566985546,585520.6651637305,31150,100342.23847052857,475099.66335128684
2023-10-26,1146188.9925571638,574356.4424209752,31150,96043.16504779433,444639.3850883942
2023-10-27,1156083.4598510205,577114.065112887,31150,97157.99633957232,450661.3983985612
2023-10-30,1181498.6381163532,583615.4180507713,31150,99703.15722990615,467030.0628356756
2023-10-31,1191123.344131729,586406.448234558,31150,100942.54418459839,472624.3517125727
2023-11-01,1234639.2633853154,597334.6144270566,31300,104951.23158407828,501053.4173741805
2023-11-02,1278852.5653361552,608178.2242339235,31300,108083.99847104808,531290.3426311837
2023-11-03,1305361.0401330073,615323.5971108456,31300,109917.74997990976,548819.6930422519
2023-11-06,1314483.6191946617,617833.687717886,31300,110910.98748411683,554438.943992659
2023-11-07,1337752.2596259168,623673.8665897881,31300,112089.66433798002,570688.7286981487
2023-11-08,1339136.5544314524,624075.4647451788,31300,112311.35427974832,571449.7354065253
2023-11-09,1319755.89885514,619272.8328879096,31300,111670.36067857611,557512.7052886542
2023-11-10,1375256.8471968982,633195.481044595,31300,113500.76062301343,597260.6055292897
2023-11-13,1357840.8825201234,631220.837622101,31300,113800.58930650065,581519.4555915218
2023-11-14,1412459.7922688988,644808.7866040113,31300,114362.65879417319,621988.3468707144
2023-11-15,1414073.8928365181,645294.0850870579,31300,114418.22146729185,623061.5862821684
2023-11-16,1415830.2416328043,645846.3336186443,31300,114452.01337760802,624231.8946365518
2023-11-17,1415851.2227649456,645996.9329269158,31300,114473.32528889371,624080.9645491361
2023-11-20,1447123.9232384101,653861.8528548877,31300,114502.28712498708,647459.7832585353
2023-11-21,1431685.5824986803,650063.2674540194,31300,114502.28712498708,635820.027919674
2023-11-22,1441987.6391624464,652723.9573693312,31300,114502.28712498708,643461.3946681281
2023-11-24,1437583.3058592426,651803.611240586,31300,114502.28712498708,639977.4074936694
2023-11-27,1434552.0404490042,651234.6634978078,31300,114502.28712498708,637515.0898262092
2023-11-28,1441139.82371239,652941.5067261426,31300,114502.28712498708,642396.0298612602
2023-11-29,1437931.8585621044,652305.6089348245,31300,114502.28712498708,639823.9625022927
2023-11-30,1430993.722469362,650665.6646871055,31300,114502.28712498708,634525.7706572694
2023-12-01,1436562.4064781328,653273.1582916359,31450,114982.28712498708,636856.9610615098
2023-12-04,1408764.720292003,647208.5185306492,31450,114982.28712498708,615123.9146363664
2023-12-05,1415667.2672763697,648833.5781732303,31450,114982.28712498708,620401.4019781523
2023-12-06,1397628.2719736397,645080.8330788433,31450,114982.28712498708,606115.1517698093
2023-12-07,1436738.6812533715,654094.0473154295,31450,114982.28712498708,636212.3468129549
2023-12-08,1449603.4146277625,657009.1338543957,31450,114982.28712498708,646161.9936483798
2023-12-11,1474144.3982006619,662621.4052744178,31450,114982.28712498708,665090.705801257
2023-12-12,1498065.7146442258,667898.695074865,31450,114982.28712498708,683734.7324443735
2023-12-13,1537194.1524361465,676392.5139705993,31450,114982.28712498708,714369.3513405602
2023-12-14,1533911.4352955478,675806.1938831013,31450,114982.28712498708,711672.9542874594
2023-12-15,1548679.8145431099,679073.0315732696,31450,114982.28712498708,723174.495844853
2023-12-18,1557663.8490111302,681988.0669856151,31450,114982.28712498708,729243.4949005279
2023-12-19,1573496.811356952,685472.755207073,31450,114982.28712498708,741591.7690248918
2023-12-20,1525111.3217453195,675286.7985422494,31450,114982.28712498708,703392.236078083
2023-12-21,1562027.8506939458,683144.0398822253,31450,114982.28712498708,732451.5236867333
2023-12-22,1566076.1583923814,684166.0099056815,31450,114982.28712498708,735477.8613617129
2023-12-26,1582781.4457153012,688354.302682785,31450,114982.28712498708,747994.8559075291
2023-12-27,1587441.5808661324,689392.9911112473,31450,114982.28712498708,751616.3026298978
2023-12-28,1584825.9797337668,689057.9072384308,31450,114982.28712498708,749335.7853703488
2023-12-29,1569785.5298247337,686075.8448261978,31450,114982.28712498708,737277.3978735487
2024-01-02,1514858.827681623,675215.9095184557,31600,115462.28712498708,692580.6310381802
2024-01-03,1480587.6516974755,668071.1061338236,31600,115462.28712498708,665454.2584386646
2024-01-04,1463220.3459104858,664632.9075081196,31600,115004.7623918164,651982.6760105498
2024-01-05,1466866.205520898,665421.1841781775,31600,115254.00686116543,654591.0144815551
2024-01-08,1534510.5689601633,679174.0810479398,31600,117181.252378616,706555.2355336074
2024-01-09,1538405.970802329,680515.8046132212,31600,117404.27785964697,708885.8883294608
2024-01-10,1561206.0617318018,685128.0497461512,31600,117828.1771867699,726649.8347988806
2024-01-11,1567894.1143862375,686553.6630239333,31600,117978.49992236627,731761.9514399379
2024-01-12,1568469.0623478075,686905.8565027119,31600,118068.2225891425,731894.983255953
2024-01-16,1567064.5341222463,686838.7549694058,31600,118357.78537498994,730267.9937778505
2024-01-17,1547546.0986787565,682964.4731524225,31600,118219.97264509709,714761.6528812369
2024-01-18,1596326.5158958638,692658.5717844783,31600,118656.66632108085,753411.2777903046
2024-01-19,1665788.2222539657,706394.6804750459,31600,118902.2005686914,808891.3412102285
2024-01-22,1669071.125592954,707317.1602117158,31600,118949.46687279947,811204.4985084386
2024-01-23,1681485.1391404243,710252.2252963077,31600,118968.42838242007,820664.4854616966
2024-01-24,1699977.1118295526,714193.5574631239,31600,118975.73375461888,835207.8206118097
2024-01-25,1704099.1625154305,715065.7238456826,31600,118977.77335074745,838455.6653190005
2024-01-26,1682062.8961257827,710805.672191531,31600,118978.78987024391,820678.4340640078
2024-01-29,1717707.4581860597,718084.6274593021,31600,118979.78850816317,849043.0422185946
2024-01-30,1692743.4653504752,713304.6540848436,31600,118979.78827698177,828859.0229886498
2024-01-31,1621109.0779123278,699333.7668029147,31600,118979.64415665658,771195.6669527567
2024-02-01,1663857.6177478149,708318.7269822719,31750,119459.78968997518,804329.1010755679
2024-02-02,1727609.985032587,720289.7043301412,31750,119459.79036486664,856110.4903375793
2024-02-05,1715927.5173375588,719349.4920583449,31750,119459.79036487102,845368.2349143429
2024-02-06,1705937.3579542139,717905.5617024052,31750,119459.79036487102,836822.0058869375
2024-02-07,1746113.9184319505,725292.9657969731,31750,119459.79036487102,869611.1622701064
2024-02-08,1751479.4002116858,726636.1627836293,31750,119459.79036487102,873633.4470631855
2024-02-09,1789592.6594605693,733788.4881913849,31750,119459.79036487102,904594.3809043134
2024-02-12,1772060.877268698,730917.4846913543,31750,119459.79036487102,889933.6022124728
2024-02-13,1709585.4403252436,719517.3468486667,31750,119459.79036487102,838858.3031117059
2024-02-14,1751980.4993168619,727358.102342736,31750,119459.79036487102,873412.6066092547
2024-02-15,1763506.8381547402,729523.9722577825,31750,119459.79036487102,882773.0755320867
2024-02-16,1726744.8225811422,722908.8744069631,31750,119459.79036487102,852626.157809308
2024-02-20,1693624.6626197614,717452.2615406297,31750,119459.79036487102,824962.6107142607
2024-02-21,1677315.4355111434,714581.206802873,31750,119459.79036487102,811524.4383433993
2024-02-22,1793433.8437969475,735501.0579446558,31750,119459.79036487102,906722.9954874208
2024-02-23,1780988.5198718929,733335.1880296094,31750,119459.79036487102,896443.5414774123
2024-02-26,1777490.2238027256,732949.0092888721,31750,119459.79036487102,893331.4241489824
2024-02-27,1785507.6741655008,734711.9457267846,31750,119459.79036487102,899585.9380738451
2024-02-28,1763262.7691855556,730799.9453479482,31750,119459.79036487102,881253.0334727365
2024-02-29,1798249.5650926328,737062.4764062754,31750,119459.79036487102,909977.2983214863
2024-03-01,1862724.0030974736,748910.3629033867,31900,119939.79036487102,961973.849829216
2024-03-04,1844800.0895661935,746238.150041089,31900,119939.79036487102,946722.1491602333
2024-03-05,1763364.5083877705,732843.4400867595,31900,119939.79036487102,878681.2779361398
2024-03-06,1790735.3712372237,737448.4310051948,31900,119939.79036487102,901447.1498671579
2024-03-07,1858387.5751493117,748641.5054951956,31900,119939.79036487102,957906.2792892449
2024-03-08,1793671.3531054398,737834.9455851505,31900,119939.79036487102,903996.6171554184
2024-03-11,1773526.8553173519,735095.5440153499,31900,119939.79036487102,886591.520937131
2024-03-12,1836419.0635881517,745633.1439390245,31900,119939.79036487102,938946.129284256
2024-03-13,1801375.9722741777,739902.1523453837,31900,119939.79036487102,909634.0295639229
2024-03-14,1786787.318459542,738036.6655749284,31900,119939.79036487102,896910.8625197427
2024-03-15,1734713.662557658,729263.718071365,31900,119939.79036487102,853610.154121422
2024-03-18,1766530.8010641378,735246.7955408661,31900,121029.01489901525,878354.9906242563
2024-03-19,1777153.3082226594,737078.6879575698,31900,121297.07468257965,886877.54558251
2024-03-20,1831376.912939725,745817.9898182921,31900,122018.4553122498,931640.4678091829
2024-03-21,1851957.825811828,749347.3459476042,31900,122302.9251025861,948407.5547616377
2024-03-22,1855516.0083927596,750204.4892146186,31900,122488.61695721581,950922.9022209253
2024-03-25,1836838.1428739948,747481.8591771489,31900,122559.06596131937,934897.2177355265
2024-03-26,1821510.392391155,745061.7321907114,31900,122490.8160497627,922057.8441506808
2024-03-27,1836430.8850035977,747599.4650598239,31900,122679.72105741831,934251.6988863555
2024-03-28,1827226.4664482712,746221.3785087581,31900,122663.96462468352,926441.1233148297
2024-04-01,1835132.13670348,748551.1850496017,32050,123458.61395571409,931072.3376981644
2024-04-02,1795391.7070409872,742091.0062105776,32050,123220.45891818492,898030.2419122248
2024-04-03,1803700.98419079,743756.5443311909,32050,123430.83085576465,904463.6090038343
2024-04-04,1736000.8319710605,732384.000939393,32050,122752.33186831314,848814.4991633543
2024-04-05,1788474.5780238486,741014.3439644265,32050,123393.9126043613,892016.3214550607
2024-04-08,1787790.819454636,741233.0546205041,32050,123618.36066797777,890889.404166154
2024-04-09,1803909.206901949,743975.2549872685,32050,123759.46910341871,904124.4828112618
2024-04-10,1764807.4255091262,737481.4481013591,32050,123657.56277859579,871618.4146291713
2024-04-11,1836862.1044632536,749257.7334178975,32050,123855.34571803479,931699.0253273215
2024-04-12,1765282.275320726,737313.2051858741,32050,123742.78825687808,872176.2818779737
2024-04-15,1691821.662382161,725183.6456851879,32050,123663.24019480523,810924.7765021679
2024-04-16,1691863.1192509087,725250.9531194879,32050,123837.36901537281,810724.797116048
2024-04-17,1641250.3668670566,716401.8994383767,32050,123880.33836083995,768918.1290678398
2024-04-18,1617182.8124455311,712313.8584287912,32050,123415.59278929286,749403.3612274473
2024-04-19,1534402.5441924995,697576.6620894109,32050,120512.26652582984,684263.6155772586
2024-04-22,1573856.5409712256,704591.9860749532,32050,122279.62373409368,714934.9311621786
2024-04-23,1636152.5537931006,715106.5265361482,32050,124076.30060879742,764919.726648155
2024-04-24,1650012.3853825054,717529.0807656498,32050,124526.74421712795,775906.5603997277
2024-04-25,1626597.2694704765,714063.4923368823,32050,124085.79157501104,756397.985558583
2024-04-26,1692497.5579948472,725082.7102040028,32050,125466.94338176216,809897.9044090823
2024-04-29,1704576.815172141,728026.7815331373,32050,126056.7777867759,818443.2558522279
2024-04-30,1625274.5107760136,714298.9913461377,32050,124470.20460384998,754455.314826026
2024-05-01,1596768.7167587848,709884.2367498718,32200,124413.02002893802,730271.4599799751
2024-05-02,1645252.0376501537,718944.733901816,32200,125811.5400134667,768295.763734871
2024-05-03,1724198.1102681584,733394.390007987,32200,127104.76066194657,831498.9595982246
2024-05-06,1767184.1306270063,741427.5559278264,32200,127625.1576707959,865931.4170283839
2024-05-07,1765785.614081732,741545.4556650043,32200,127678.00031383376,864362.158102894
2024-05-08,1763109.1340702828,741107.5717239601,32200,127724.81657910942,862076.7457672133
2024-05-09,1771329.6069100825,742724.2988522968,32200,127791.85433816131,868613.4537196244
2024-05-10,1780148.298188354,744475.7832216448,32200,127851.05567573564,875621.4592909734
2024-05-13,1788484.6175438901,746193.5525833255,32200,127919.21850779347,882171.846452771
2024-05-14,1814401.5694003329,750993.264246492,32200,127933.31381842194,903274.9913354189
2024-05-15,1879588.0556476265,762731.483371716,32200,127935.91890896855,956720.653366942
2024-05-16,1870683.4987036088,761182.1348638851,32200,127935.96003658115,949365.4038031426
2024-05-17,1867817.2728746124,760811.6295433467,32200,127935.96760788324,946869.6757233823
2024-05-20,1895208.8870583726,766116.5523732342,32200,127935.9678157932,968956.3668693453
2024-05-21,1903181.6537643438,767615.3797643929,32200,127935.9678157932,975430.3061841578
2024-05-22,1901972.2459570381,767463.8164143765,32200,127935.9678157932,974372.4617268684
2024-05-23,1881717.2424771646,764011.4201871813,32200,127935.9678157932,957569.8544741899
2024-05-24,1921867.551226604,771236.2482402669,32200,127935.9678157932,990495.3351705439
2024-05-28,1934916.6923212158,774149.7182930737,32200,127935.9678157932,1000631.0062123487
2024-05-29,1901904.5636672499,768693.2321131697,32200,127935.9678157932,973075.3637382869
2024-05-30,1855978.8684818465,760457.930331813,32200,127935.9678157932,935384.9703342402
2024-05-31,1847605.534085946,759043.287670165,32200,127935.9678157932,928426.2785999877
2024-06-03,1870418.4377019666,763868.846196088,32350,128415.9678157932,945783.6236900855
2024-06-04,1882530.9899046281,765959.1732532675,32350,128415.9678157932,955805.8488355672
2024-06-05,1980512.9503845682,781400.7492979547,32350,128415.9678157932,1038346.2332708202
2024-06-06,1978346.9168816288,781131.021380038,32350,128415.9678157932,1036449.9276857977
2024-06-07,1971444.8671032935,780439.8532363777,32350,128415.9678157932,1030239.0460511226
2024-06-10,1989157.7746030698,783592.2178936856,32350,128415.9678157932,1044799.588893591
2024-06-11,2022948.6688637566,788969.7992898014,32350,128415.9678157932,1073212.9017581618
2024-06-12,2088063.457685223,799303.5218562895,32350,128415.9678157932,1127993.9680131404
2024-06-13,2115467.6276252787,803635.9397238155,32350,128415.9678157932,1151065.7200856698
2024-06-14,2141940.7826706455,807799.7712119762,32350,128415.9678157932,1173375.0436428762
2024-06-17,2205412.7332811896,817695.179481182,32350,128415.9678157932,1226951.5859842142
2024-06-18,2206324.082561724,817948.0333275603,32350,128415.9678157932,1227610.0814183706
2024-06-20,2164345.3777276566,811643.3040129445,32350,128415.9678157932,1191936.1058989188
2024-06-21,2148514.02063734,809468.6580434121,32350,128415.9678157932,1178279.3947781348
2024-06-24,2079512.8250777544,798983.2231690971,32350,128415.9678157932,1119763.634092864
2024-06-25,2138248.8092414206,808120.0698991686,32350,128415.9678157932,1169362.7715264587
2024-06-26,2147491.5798764545,809788.9567306045,32350,128415.9678157932,1176936.655330057
2024-06-27,2159332.620563658,811879.283787784,32350,128415.9678157932,1186687.3689600804
2024-06-28,2131493.8531325706,807664.8815303477,32350,128415.9678157932,1163063.0037864295
2024-07-01,2162705.5377705074,813151.916997419,32500,128895.9678157932,1188157.652957295
2024-07-02,2222577.0912449155,821689.7377978199,32500,128895.9678157932,1239491.3856313021
2024-07-03,2272283.304446858,828540.2414203892,32500,128895.9678157932,1282347.0952106756
2024-07-05,2335339.0133870216,837179.2971320333,32500,128895.9678157932,1336763.7484391949
2024-07-08,2347681.7216523103,839170.3190435943,32500,128895.9678157932,1347115.434792923
2024-07-09,2352307.2505196137,839895.8530717818,32500,128895.9678157932,1351015.4296320388
2024-07-10,2417761.600583978,848653.0333441541,32500,128895.9678157932,1407712.5994240309
2024-07-11,2283453.2739986186,830041.9269323857,32500,128895.9678157932,1292015.3792504398
2024-07-12,2317767.568494951,834918.298292879,32500,128895.9678157932,1321453.3023862785
2024-07-15,2330549.2421490024,837162.407482548,32500,128895.9678157932,1331990.866850661
2024-07-16,2332310.436926478,837483.0018657628,32500,128895.9678157932,1333431.467244922
2024-07-17,2160427.41181117,812898.7782264772,32500,128895.9678157932,1186132.6657688995
2024-07-18,2131940.510787539,809051.6971207347,32500,128528.46801085118,1161860.3456559533
2024-07-19,2080559.9752449577,801880.5991149506,32500,127419.70979363949,1118759.6663363676
2024-07-22,2162004.3285681996,813826.8335699849,32500,129680.71970963934,1185996.7752885753
2024-07-23,2140733.042126827,810958.3737705378,32500,129427.03468655486,1167847.6336697342
2024-07-24,1944376.2175170267,781869.042102429,32500,122612.11713124649,1007395.0582833512
2024-07-25,1884689.8760087816,773246.8245474362,32500,120124.71025009025,958818.341211255
2024-07-26,1939866.4426872386,781177.2358803779,32500,122381.47721068704,1003807.7295961736
2024-07-29,1949402.1614817055,782746.4284974812,32500,123315.8838797507,1010839.8491044736
2024-07-30,1873081.156938916,771998.2263135477,32500,120099.83491303818,948483.0957123303
2024-07-31,2039777.914377301,794844.5153193801,32500,126176.37349528333,1086257.0255626375
2024-08-01,1910916.9538892498,776342.2201411822,32650,121261.16558729882,980663.5681607688
2024-08-02,1794827.6007816033,757915.7823451791,32650,114489.9334274235,889771.8850090007
2024-08-05,1661573.0343930582,735317.6389055375,32650,105677.28648195579,787928.1090055647
2024-08-06,1703560.7173777996,742343.6721760143,32650,108153.86041759716,820413.184784188
2024-08-07,1655004.319142464,734304.2593058542,32650,104913.31071997563,783136.7491166343
2024-08-08,1796719.9890307584,756767.3095187641,32650,113674.57137004661,893628.1081419475
2024-08-09,1819922.0481043751,760719.4435691646,32650,115114.99840307937,911437.6061321313
2024-08-12,1829023.7031762432,762357.7259849083,32650,116098.34990399303,917917.6272873419
2024-08-13,1951312.6001370603,781273.9218276126,32650,123207.54565604322,1014181.1326534045
2024-08-14,1952134.9766737414,781527.3053845041,32650,123639.99667424231,1014317.674614995
2024-08-15,2080809.1358755925,801271.1211973074,32650,129651.10857864952,1117236.9060996356
2024-08-16,2086541.7909399983,802301.35523619,32650,130291.30963395307,1121299.1260698552
2024-08-19,2153329.0091819516,812840.3793705914,32650,132935.11850811102,1174903.5113032493
2024-08-20,2142186.1209062794,811134.5761127956,32650,132935.11850811102,1165466.4262853726
2024-08-21,2164269.9467776855,814917.804972811,32650,132935.11850811102,1183767.0232967634
2024-08-22,2084793.2543292162,801997.3568190733,32650,132935.11850811102,1117210.779002032
2024-08-23,2137740.258465809,810695.4329263198,32650,132935.11850811102,1161459.7070313778
2024-08-26,2085010.7979257093,802824.9252465448,32650,132935.11850811102,1116600.7541710534
2024-08-27,2099190.921400209,805223.2552477078,32650,132935.11850811102,1128382.5476443903
2024-08-28,2042813.2921015122,796086.0359539855,32650,132935.11850811102,1081142.1376394157
2024-08-29,2032702.3646798027,794920.6571457437,32650,132935.11850811102,1072196.589025948
2024-08-30,2091383.655338906,804395.6352776089,32650,132935.11850811102,1121402.9015531861
2024-09-03,1947354.4868838894,780723.4497926392,32800,133415.11850811102,1000415.9185831392
2024-09-04,1934758.0074712099,778694.7417200129,32800,133204.7644961874,990058.5012550097
2024-09-05,1939043.4457320163,779421.7272612208,32800,133695.06410829254,993126.654362503
2024-09-06,1817172.7774322648,758543.1420831822,32800,129107.05104464537,896722.5843044373
2024-09-09,1874810.7964871502,768297.7289302285,32800,131686.141354952,942026.9262019699
2024-09-10,1917542.1107274261,775398.1555922317,32800,133195.5833699004,976148.371765294
2024-09-11,2020963.5054598532,792236.2468631491,32800,135796.26254056644,1060130.9960561376
2024-09-12,2067915.661659746,800012.8923519646,32800,136930.65823854136,1098172.11106924
2024-09-13,2089646.068285009,803596.8985670405,32800,137456.1589501231,1115793.0107678452
2024-09-16,2066747.8890040466,800046.685236039,32800,137608.8038902482,1096292.3998777594
2024-09-17,2067197.8868104569,800469.3284518203,32800,137838.4793847036,1096090.078973933
2024-09-18,2045792.7380492005,797003.6747192887,32800,137668.2423544207,1078320.820975491
2024-09-19,2172511.550621992,817155.2743561193,32800,139187.00535334318,1183369.2709125292
2024-09-20,2161269.604409178,815599.9762136699,32800,139225.37910717164,1173644.2490883365
2024-09-23,2164493.150136527,816614.3302499831,32800,139694.12480343218,1175384.6950831118
2024-09-24,2188612.480192558,820553.3423205023,32800,139924.5321731891,1195334.6056988665
2024-09-25,2192862.635384847,821314.1207457846,32800,140012.40281708149,1198736.111821981
2024-09-26,2229708.3942410666,827484.7013777549,32800,140181.34654455032,1229242.3463187614
2024-09-27,2200861.788988509,822886.3411263658,32800,140174.06187369436,1205001.3859884492
2024-09-30,2213194.0242448654,825117.9096878171,32800,140326.2462107586,1214949.8683462895
2024-10-01,2144335.599387798,814371.9832632496,32950,140773.63198985634,1156239.984134692
2024-10-02,2150822.160798775,815522.6717526276,32950,140817.98967377114,1161531.4993723766
2024-10-03,2144018.5318350075,814913.4776535749,32950,140836.19959341304,1155318.8545880194
2024-10-04,2205519.534002034,824609.4082488309,32950,140842.72896830708,1207117.396784896
2024-10-07,2147917.657134968,815776.4811106715,32950,140842.7722822149,1158348.4037420817
2024-10-08,2225509.2754539587,827959.7950545053,32950,140842.7722822149,1223756.7081172387
2024-10-09,2267604.193040341,834474.5106562849,32950,140842.7722822149,1259336.9101018412
2024-10-10,2260772.0033640475,833526.9212930894,32950,140842.7722822149,1253452.3097887433
2024-10-11,2268519.4361807057,834829.8437575464,32950,140842.7722822149,1259896.8201409443
2024-10-14,2313111.2892280715,841835.2918780423,32950,140842.7722822149,1297483.2250678146
2024-10-15,2238926.9708621926,830582.6294602853,32950,140842.7722822149,1234551.5691196923
2024-10-16,2238391.640749203,830684.1532035029,32950,140842.7722822149,1233914.7152634854
2024-10-17,2241467.9941381244,831259.4716283182,32950,140842.7722822149,1236415.750227591
2024-10-18,2275445.7098232987,836708.1362865659,32950,140842.7722822149,1264944.8012545179
2024-10-21,2283663.0554512544,838315.681620423,32950,140842.7722822149,1271554.6015486165
2024-10-22,2287472.1071977196,839229.3953093811,32950,140842.7722822149,1274449.9396061236
2024-10-23,2204542.3369519026,826369.187557767,32950,140842.7722822149,1204380.3771119206
2024-10-24,2247502.4037827966,833070.0644486103,32950,140842.7722822149,1240639.5670519713
2024-10-25,2276161.987641601,838146.4581684779,32950,140842.7722822149,1264222.757190908
2024-10-28,2272764.415187385,838281.8059461856,32950,140842.7722822149,1260689.8369589841
2024-10-29,2326005.574976608,846336.3671730947,32950,140842.7722822149,1305876.4355212988
2024-10-30,2282894.6229036637,839940.1131516513,32950,140842.7722822149,1269161.7374697975
2024-10-31,2148482.0345211825,818737.7107805943,32950,140842.7722822149,1155951.5514583734
2024-11-01,2188723.2038513464,825545.5178981473,33100,142881.53636855978,1187196.1495846394
2024-11-04,2169436.060017856,823140.5355528136,33100,142949.85460691928,1170245.669858123
2024-11-05,2239498.8989967117,833641.2580600211,33100,144433.40593422437,1228324.2350024662
2024-11-06,2397004.3211061843,856285.6166533914,33100,146358.40903620032,1361260.2954165924
2024-11-07,2489994.2971699843,869767.2147638678,33100,146933.09814895273,1440193.9842571635
2024-11-08,2496495.27273209,870783.4787413867,33100,147010.46556355173,1445601.328427152
2024-11-11,2491016.0016404316,870275.3984393314,33100,147215.85941769378,1440424.7437834062
2024-11-12,2476910.3179318802,868700.1944428475,33100,147226.57666766213,1427883.546821371
2024-11-13,2468655.5687748753,867582.417778326,33100,147304.26250914956,1420668.8884874
2024-11-14,2424488.722530773,861552.9569893172,33100,147214.11338942152,1382621.652152034
2024-11-15,2288550.474396814,841025.6857990175,33100,146289.26033524246,1268135.5282625542
2024-11-18,2326775.3658051984,846868.8160194699,33100,146904.7902548194,1299901.7595309094
2024-11-19,2365951.203295352,852695.0446876565,33100,147180.848226419,1332975.3103812768
2024-11-20,2361356.88301068,852203.917624571,33100,147270.50345668738,1328782.4619294216
2024-11-21,2381395.695433534,855269.4560492809,33100,147389.93887797723,1345636.300506276
2024-11-22,2390143.954741569,856641.3245515343,33100,147455.8107554618,1352946.8194345727
2024-11-25,2397701.131685876,857996.2398148178,33100,147553.52393237234,1359051.3679386857
2024-11-26,2428680.181381107,862603.0240713676,33100,147580.59216355096,1385396.5651461883
2024-11-27,2382325.9688937613,855811.3911425718,33100,147576.62379240306,1345837.9539587866
2024-11-29,2432799.404988993,863331.2897332149,33100,147590.90775056448,1388777.2075052136
2024-12-02,2497729.881532018,873481.1371281665,33250,148071.19203265602,1442927.5523711958
2024-12-03,2516702.295859012,876159.464251085,33250,148071.19203265602,1459221.6395752707
2024-12-04,2596310.222517998,886991.3404749355,33250,148071.19203265602,1527997.6900104065
2024-12-05,2577446.2535341866,884533.3879327647,33250,148071.19203265602,1511591.673568766
2024-12-06,2635924.5509346174,892449.5946448541,33250,148071.19203265602,1562153.7642571074
2024-12-09,2581269.466071971,885499.6218339868,33250,148071.19203265602,1514448.6522053285
2024-12-10,2558246.2677838583,882482.2489358992,33250,148071.19203265602,1494442.8268153032
2024-12-11,2677562.7114226324,898280.830206132,33250,148071.19203265602,1597960.6891838443
2024-12-12,2633357.6674343403,892483.5302610443,33250,148071.19203265602,1559552.94514064
2024-12-13,2683350.1891071266,899314.9353397345,33250,148071.19203265602,1602714.061734736
2024-12-16,2781147.0540915574,912265.6148683421,33250,148071.19203265602,1687560.2471905593
2024-12-17,2749883.796811611,908248.1759150868,33250,148071.19203265602,1660314.4288638681
2024-12-18,2515758.0792700816,875481.3727007466,33250,148071.19203265602,1458955.5145366793
2024-12-19,2486135.177961668,871582.6049419127,33250,147513.52381833878,1433789.0492014166
2024-12-20,2540756.4359408673,879193.7014950231,33250,148785.70100519987,1479527.0334406446
2024-12-23,2592122.939302521,886330.2167326923,33250,150071.7666318571,1522470.9559379716
2024-12-24,2683615.4907030705,898348.7014385125,33250,151244.37286863822,1600772.4163959196
2024-12-26,2677607.0048569096,897738.3776583103,33250,151419.00910140522,1595199.618097194
2024-12-27,2588369.479377228,885804.7319929657,33250,150300.65703531026,1519014.090348952
2024-12-30,2500011.970574828,874023.5896759883,33250,149062.85271393482,1443675.5281849045
2024-12-31,2444814.366607125,866598.9838185576,33250,147995.27808435695,1396970.1047042105
2025-01-02,2429990.9932726645,865653.8584049564,33400,148504.9929379462,1382432.141929762
2025-01-03,2531930.9924717993,879820.4398399455,33400,150783.12914926736,1467927.4234825866
2025-01-06,2604055.622587302,889932.0817865185,33400,152301.4647776442,1528422.076023139
2025-01-07,2491690.9878554363,874051.9742669099,33400,150603.61140347534,1433635.4021850512
2025-01-08,2489542.2679020804,874204.7134102738,33400,150921.5198245585,1431016.0346672481
2025-01-10,2392550.8262214605,860496.1940774338,33400,148772.98304801344,1349881.649096013
2025-01-13,2371531.362255575,857730.7353908741,33400,148979.7427080926,1331420.8841566085
2025-01-14,2365362.4504809394,856916.3509888503,33400,149072.0280109707,1325974.0714811184
2025-01-15,2509314.188552077,876630.8323186616,33400,152610.09110609966,1446673.265127316
2025-01-16,2465676.823309242,870489.1654760101,33400,152296.75534973957,1409490.9024834924
2025-01-17,2571449.0365953846,885181.6355479981,33400,153534.87858077494,1499332.5224666116
2025-01-21,2604948.058624628,890373.2131429455,33400,153715.58152027696,1527459.2639614055
2025-01-22,2684781.844352819,901757.405145653,33400,153715.58152027696,1595908.8576868887
2025-01-23,2698042.496782844,903674.5661627641,33400,153715.58152027696,1607252.349099803
2025-01-24,2660631.8263877006,898567.7976243692,33400,153715.58152027696,1574948.4472430546
2025-01-27,2479049.29145466,872406.326493121,33400,153715.58152027696,1419527.383441262
2025-01-28,2572726.0514931623,885300.4096479564,33400,155710.99490700703,1498314.6469381992
2025-01-29,2559895.8912511766,883637.7793524646,33400,155630.07982056154,1487228.0320781504
2025-01-30,2586064.378859765,887404.1712998752,33400,156251.6839511978,1509008.5236086915
2025-01-31,2575839.802217707,886114.7422739994,33400,156238.85143424643,1500086.2085094615
2025-02-03,2522067.774054259,879772.9861836438,33550,156237.67567310817,1452507.112197507
2025-02-04,2600150.625284896,890572.5142047678,33550,157972.80530419186,1518055.3057759365
2025-02-05,2627181.3984141806,894613.8646170028,33550,158497.41787329927,1540520.1159238787
2025-02-06,2660850.7623293884,899283.482613968,33550,158997.72476627943,1569019.554949141
2025-02-07,2578948.7392684175,887940.5684254502,33550,158065.31359100665,1499392.8572519606
2025-02-10,2655969.8797438703,898689.2090522981,33550,159537.9001072767,1564192.7705842955
2025-02-11,2639930.9899898693,896549.6584057838,33550,159578.81325511713,1550252.5183289682
2025-02-12,2642582.9631620995,897076.0475616473,33550,159734.8296846645,1552222.0859157876
2025-02-13,2737585.956139587,909981.2358465396,33550,160351.42496242444,1633703.2953306227
2025-02-14,2763173.5449488605,913801.832389511,33550,160517.33793286842,1655304.374626481
2025-02-18,2775245.3260881165,915873.3949899048,33550,160753.80942901512,1665068.1216691968
2025-02-19,2776454.0067439266,916128.1428822286,33550,160792.0627577614,1665983.8011039365
2025-02-20,2746637.517851698,912239.5582931365,33550,160816.8550054749,1640031.1045530865
2025-02-21,2610978.2408757666,893306.4420532662,33550,160524.62822165384,1523597.1706008466
2025-02-24,2534541.0909541184,882761.5582841517,33550,160507.9693665458,1457721.5633034206
2025-02-25,2449943.67368775,871639.3979648976,33550,160016.3905899952,1384737.8851328571
2025-02-26,2464400.008290897,873744.9545883515,33550,160440.8264944841,1396664.2272080618
2025-02-27,2298462.6987679885,849479.9069235686,33550,156402.23157915502,1259030.560265265
2025-02-28,2395484.334634836,862894.4873527942,33550,160232.0875819574,1338807.7597000843
2025-03-03,2264338.2071525804,844762.2066870431,33700,155213.954827457,1230662.0456380805
2025-03-04,2246732.396917847,842212.8789712192,33700,154528.26966967573,1216291.248276952
2025-03-05,2318198.10385234,853192.0210110353,33700,157635.62414515478,1273670.4586961502
2025-03-06,2168546.442459196,829721.214656646,33700,150279.0213413001,1154846.2064612496
2025-03-07,2205741.7825848716,835822.5994325733,33700,152276.14360602666,1183943.0395462716
2025-03-10,2006243.5232858588,803429.1460728003,33700,140621.08534177512,1028493.2918712834
2025-03-11,1991713.5255777044,801508.6442282867,33700,139508.08149833573,1016996.799851082
2025-03-12,2047840.0571890897,810550.2723082982,33700,143126.002589431,1060463.7822913604
2025-03-13,1957257.3735210248,795968.0887287103,33700,137256.64851094317,990332.6362813715
2025-03-14,2080616.4248865985,815207.0276720176,33700,144461.23856350512,1087248.1586510758
2025-03-17,2113164.0030449172,820492.6089070474,33700,147026.78819932693,1111944.6059385429
2025-03-18,2025177.6454911926,806505.3307005981,33700,141614.19997158795,1043358.1148190066
2025-03-19,2093573.4560073602,817297.4950708271,33700,145859.9134021123,1096716.0475344209
2025-03-20,2075078.2529819943,814527.217321039,33700,144957.62205843485,1081893.4136025205
2025-03-21,2091865.592949364,817212.4863605765,33700,146137.31137862868,1094815.795210159
2025-03-24,2201077.251877927,833902.0975880597,33700,153565.6421444129,1179909.5121454543
2025-03-25,2232060.6332890573,838660.8219111158,33700,155645.4221005191,1204054.3892774226
2025-03-26,2132563.610328732,823228.9142924584,33700,149225.0410712908,1126409.6549649828
2025-03-27,2101824.599222415,818538.1346981567,33700,147370.42105477586,1102216.0434694826
2025-03-28,1967998.7616532943,796987.830188281,33700,137459.9973286273,999850.934136386
2025-03-31,1965898.501751109,796953.8578239038,33700,137437.6445623136,997806.9993648916
2025-04-01,2007679.6794220791,804128.161593132,33850,140699.05118716252,1029002.4666417848
2025-04-02,2042349.9831398646,809997.0580641032,33850,143460.37894560088,1055042.5461301606
2025-04-03,1805151.3551274836,766635.0558282802,33850,123186.57305885812,881479.7262403452
2025-04-04,1569627.7210353953,719020.2074911917,33850,103793.14340092789,712964.3701432758
2025-04-07,1575600.7628583368,720755.3500112429,33850,104130.05394323074,716865.3589038631
2025-04-08,1509734.1290832981,707775.6554038406,33850,99302.93916223332,668805.5345172243
2025-04-09,2020067.3628010633,792730.5132758904,33850,124502.71943623929,1068984.1300889337
2025-04-10,1843185.4444805158,759013.9369255473,33850,112994.94086226913,937326.5666926993
2025-04-11,1919241.3627693714,772997.2969830934,33850,117550.59385520066,994843.4719310772
2025-04-14,1945825.960613667,778236.8324520426,33850,119796.90641382145,1013942.2217478032
2025-04-15,1949078.4391256096,779104.3777547556,33850,120284.47030409165,1015839.5910667625
2025-04-16,1823782.8450392957,755611.660044535,33850,111937.56035668857,922383.6246380722
2025-04-17,1822385.8005200224,755475.5918117296,33850,111773.30395894886,921286.9047493439
2025-04-21,1723619.07663508,736780.0450486213,33850,105409.12223529899,847579.9093511596
2025-04-22,1827920.3510664997,756122.032725462,33850,111928.12411966037,926020.1942213774
2025-04-23,1920269.1679804972,773269.4853633293,33850,117924.00619454843,995225.6764226194
2025-04-24,2043016.09836742,795027.0605534988,33850,125805.55019583453,1088333.4876180869
2025-04-25,2092043.0884810593,803889.977292441,33850,129139.8514282084,1125163.2597604098
2025-04-28,2089554.0172523092,803634.8169092902,33850,129722.8546645593,1122346.3456784599
2025-04-29,2119361.1780722896,808942.3605373295,33850,131911.72552708146,1144657.0920078785
2025-04-30,2117551.5429176674,808840.296384069,33850,132128.94442609802,1142732.3021075004
2025-05-01,2179333.269784664,820154.3515635176,34000,136390.4708188645,1188788.4474022815
2025-05-02,2247067.666309762,832328.6139306932,34000,141531.74748642393,1239207.3048926445
2025-05-05,2218450.6744330795,827390.8073996459,34000,140458.00232279327,1216601.8647106404
2025-05-06,2174367.5071544824,819694.6424873584,34000,137303.664299394,1183369.2003677299
2025-05-07,2190738.4465511767,822912.7099447577,34000,138770.9105795986,1195054.8260268206
2025-05-08,2238395.984494441,831409.195778375,34000,142408.90833943462,1230577.8803766316
2025-05-09,2234768.667499618,830864.3207503875,34000,142153.62772854752,1227750.719020683
2025-05-12,2434336.873127335,864713.9154225028,34000,157189.1782615706,1378433.779443262
2025-05-13,2509465.600503288,877892.8138559678,34000,160664.29045102937,1436908.4961962912
2025-05-14,2539296.94876636,883154.0847251061,34000,162212.4274072079,1459930.4366340458
2025-05-15,2544725.2600872167,884124.633625807,34000,162845.8093937789,1463754.8170676308
2025-05-16,2566426.701242649,887972.7420630221,34000,164044.3738868014,1480409.5852928252
2025-05-19,2570166.5195095893,888824.0898084489,34000,165353.08299675217,1481989.346704388
2025-05-20,2553109.773161142,885861.4162822491,34000,165012.1681160198,1468236.1887628732
2025-05-21,2483429.4419065975,873550.8572148625,34000,162277.9188399058,1413600.6658518293
2025-05-22,2492548.7190748006,875185.4822988248,34000,163154.2351569751,1420209.0016190007
2025-05-23,2446563.8102916824,867080.6351344753,34000,161306.31096706717,1384176.8641901398
2025-05-27,2564021.1565282103,887478.8938591318,34000,168002.82788931183,1474539.4347797665
2025-05-28,2541500.194451437,883545.6714322312,34000,167518.22159719677,1456436.3014220088
2025-05-29,2551258.458699703,885282.4540886733,34000,168536.00234771462,1463440.002263315
2025-05-30,2543230.470426287,883886.231315259,34000,168674.38873015073,1456669.8503808773
2025-06-02,2584836.5949816927,891617.3451823306,34150,172518.00864661543,1486551.2411527464
2025-06-03,2626565.805397584,898587.1743397394,34150,174735.51960198354,1519093.1114558615
2025-06-04,2641723.749396599,901092.2979818254,34150,175920.28661108788,1530561.1648036856
2025-06-05,2600905.14514994,894309.7940342732,34150,175027.98075693514,1497417.3703587318
2025-06-06,2654212.880530377,903051.9838668387,34150,177665.88340114904,1539345.0132623895
2025-06-09,2661213.3460718337,904381.2543732062,34150,180479.1543343935,1542202.937364234
2025-06-10,2697888.260603524,910362.7636283063,34150,182512.68989669502,1570862.8070785226
2025-06-11,2679692.382713702,907295.2483095435,34150,182915.91742663298,1555331.2169775255
2025-06-12,2693072.1006600326,909425.4094965862,34150,184452.920959625,1565043.7702038216
2025-06-13,2625329.433958144,898007.8287434586,34150,183579.20365770548,1509592.40155698
2025-06-16,2700560.996394365,910499.0190557978,34150,187473.57604567776,1568438.4012928894
2025-06-17,2648218.901002192,901620.573795741,34150,187473.57604567776,1524974.7511607734
2025-06-18,2646585.680410269,901467.1564250921,34150,187473.57604567776,1523494.9479394993
2025-06-20,2623293.6717435373,897786.2836590641,34150,187473.57604567776,1503883.8120387958
2025-06-23,2669750.086056372,906000.1976777139,34150,187473.57604567776,1542126.31233298
2025-06-24,2751478.133775489,919854.7743591819,34150,187473.57604567776,1609999.7833706294
2025-06-25,2764770.6280582044,922206.3766188425,34150,187473.57604567776,1620940.675393684
2025-06-26,2815042.502069764,930829.2649435202,34150,187473.57604567776,1662589.6610805658
2025-06-27,2833012.9045056524,934016.0817701707,34150,187473.57604567776,1677373.246689804
2025-06-30,2867574.893073809,940065.7187390167,34150,187473.57604567776,1705885.5982891144
2025-07-01,2821230.8071386158,932891.477518507,34300,187953.57604567776,1666085.753574431
2025-07-02,2860500.9306913842,939389.4286972032,34300,187953.57604567776,1698857.9259485034
2025-07-03,2917240.2863450507,948633.2100377249,34300,187953.57604567776,1746353.5002616479
2025-07-07,2870028.565776375,941487.2645926946,34300,187953.57604567776,1706287.725138003
2025-07-08,2872275.870313172,942015.9654567447,34300,187953.57604567776,1708006.3288107498
2025-07-09,2912579.730752071,948684.4250062448,34300,187953.57604567776,1741641.7297001483
2025-07-10,2903407.7734012157,947320.0457534187,34300,187953.57604567776,1733834.151602119
2025-07-11,2889526.4942538845,945188.1706410451,34300,187953.57604567776,1722084.7475671617
2025-07-14,2908212.595363818,948616.242477016,34300,187953.57604567776,1737342.7768411245
2025-07-15,2910356.9141939133,949485.9600826744,34300,187953.57604567776,1738617.3780655612
2025-07-16,2915554.40664851,950458.1076253725,34300,187953.57604567776,1742842.7229774597
2025-07-17,2963098.3283468713,958149.9296860907,34300,187953.57604567776,1782694.8226151029
2025-07-18,2956644.528601702,957228.9971119125,34300,187953.57604567776,1777161.9554441115
2025-07-21,2981222.7476092195,962191.9565715138,34300,187953.57604567776,1796777.2149920277
2025-07-22,2949316.5298101767,957211.9254557391,34300,187953.57604567776,1769851.02830876
2025-07-23,2975617.252926071,961578.0015220618,34300,187953.57604567776,1791785.6753583318
2025-07-24,2986816.453857652,963624.6224490332,34300,187953.57604567776,1800938.255362941
2025-07-25,3000652.213883455,965944.0775883843,34300,187953.57604567776,1812454.560249393
2025-07-28,3010919.625672306,968962.8460580539,34300,187953.57604567776,1819703.203568574
2025-07-29,3000073.5535104116,967461.9976513057,34300,187953.57604567776,1810357.9798134284
2025-07-30,3007153.7876914833,968758.1943749031,34300,187953.57604567776,1816142.0172709022
2025-07-31,2974206.3264678703,963624.6224490332,34300,187953.57604567776,1788328.1279731593
2025-08-01,2857221.146566252,945392.3981208217,34450,188433.57604567776,1688945.172399753
2025-08-04,2964196.310277274,962836.3977716054,34450,190782.66724259994,1776127.2452630687
2025-08-05,2918561.3908682987,956299.2212941761,34450,190216.96423327917,1737595.2053408432
2025-08-06,2992531.033289022,968332.5223838722,34450,191378.88642727656,1798369.6244778729
2025-08-07,3007821.1566127026,971609.6532277048,34450,191669.96083190382,1810091.5425530938
2025-08-08,3065581.4214921687,980673.0447234798,34450,192151.81203342098,1858306.5647352678
2025-08-11,3044255.259956993,977771.3717923906,34450,192220.47553323105,1839813.4126313713
2025-08-12,3119496.022152734,990060.7426794019,34450,192725.58701559613,1902259.6924577362
2025-08-13,3121945.455441581,990555.7970637962,34450,192759.37581522108,1904180.2825625637
2025-08-14,3116291.9888557075,989787.6918499621,34450,192767.35868264077,1899286.9383231045
2025-08-15,3084721.864992093,985435.2345423842,34450,192746.21666520103,1872090.4137845077
2025-08-18,3080134.2885315977,985042.5872412936,34450,192785.84990869398,1867855.85138161
2025-08-19,2991460.3102060705,971677.9940686481,34450,192654.87215339267,1792677.4439840296
2025-08-20,2954081.0822797334,965908.8186269416,34450,192572.21870192696,1761150.0449508647
2025-08-21,2924240.0529206926,961436.869025824,34450,192545.71468477565,1735807.4692100927
2025-08-22,3019552.491747875,976269.3317851942,34450,192775.2574857767,1816057.9024769042
2025-08-25,2999399.574557363,973453.0849052843,34450,192809.18873152617,1798687.3009205526
2025-08-26,3022397.7848468786,977361.7434591755,34450,192827.7975666195,1817758.2438210836
2025-08-27,3030834.63869658,978863.7834663719,34450,192830.1600883709,1824690.6951418377
2025-08-28,3069244.985367858,984991.4357886973,34450,192831.05907214037,1856972.4905070204
2025-08-29,2995909.199819169,973589.6624090597,34450,192830.573997146,1795038.963412963
2025-09-02,2942097.424199509,966180.8494527831,34600,193311.12631284838,1748005.4484338774
2025-09-03,2990816.9271067264,973782.2719827167,34600,193311.1263128705,1789123.5288111393
2025-09-04,3047165.8081094604,982596.4356950583,34600,193311.1263128705,1836658.246101532
2025-09-05,3049779.831197613,984014.254414072,34600,193311.1263128705,1837854.4504706704
2025-09-08,3079078.7235313924,988814.2364719196,34600,193311.1263128705,1862353.360746602
2025-09-09,3096804.0638026986,991615.6769440055,34600,193311.1263128705,1877277.2605458228
2025-09-10,3093586.8940361557,991940.2353433209,34600,193311.1263128705,1873735.5323799644
2025-09-11,3130378.4411047595,997713.8925991146,34600,193311.1263128705,1904753.4221927742
2025-09-12,3158592.4132397887,1002120.9223257642,34600,193311.1263128705,1928560.364601154
2025-09-15,3211554.054284606,1010696.0200536438,34600,193311.1263128705,1972946.907918092
2025-09-16,3204670.259308709,1009841.9299774499,34600,193311.1263128705,1966917.2030183887
2025-09-17,3190418.740413043,1007826.2899087176,34600,193311.1263128705,1954681.324191455
2025-09-18,3250851.9681624346,1016913.8208305051,34600,193311.1263128705,2006027.021019059
2025-09-19,3296733.4891542997,1023797.7326299252,34600,193311.1263128705,2045024.630211504
2025-09-22,3327426.9193421896,1028666.1086196556,34600,193311.1263128705,2070849.6844096635
2025-09-23,3277578.7770918845,1021833.3880101049,34600,193311.1263128705,2027834.262768909
2025-09-24,3252695.387076823,1018246.1471346654,34600,193311.1263128705,2006538.1136292873
2025-09-25,3222553.9200380044,1013856.2158909865,34600,193311.1263128705,1980786.5778341473
2025-09-26,3249847.5210015895,1018024.0753741316,34600,193311.1263128705,2003912.3193145874
2025-09-29,3279561.4145290228,1022738.6692761683,34600,193311.1263128705,2028911.6189399841
2025-09-30,3297573.230075728,1025540.1097482543,34600,193311.1263128705,2044121.994014603
2025-10-01,3331599.8211794384,1031209.6769278541,34750,193791.1263128705,2071849.0179387135
2025-10-02,3361240.4033494955,1035449.0136173975,34750,193791.1263128705,2097250.263419227
2025-10-03,3327508.3010666072,1031090.0047684008,34750,193791.1263128705,2067877.169985336
2025-10-06,3380906.161468574,1038833.7429328503,34750,193791.1263128705,2113531.292222853
2025-10-07,3340822.3021047967,1033363.5671281625,34750,193791.1263128705,2078917.6086637639
2025-10-08,3425488.954720957,1045209.8588949338,34750,193791.1263128705,2151737.9695131527
2025-10-09,3414429.9366414025,1043944.9022591781,34750,193791.1263128705,2141943.908069354
2025-10-10,3162908.750156199,1007705.104929913,34750,193791.1263128705,1926662.5189134157
2025-10-13,3316840.780214375,1029090.0085830824,34750,196023.6668098743,2056977.1048214184
2025-10-14,3266863.75474404,1022235.2039831856,34750,195506.5555703216,2014371.9951905324
2025-10-15,3318393.908627119,1029448.9207265167,34750,196170.22761117088,2058024.760289431
2025-10-16,3289746.9949587183,1025636.9398914814,34750,195973.7043673322,2033386.3506999048
2025-10-17,3336314.152171348,1032372.0723319248,34750,196498.86379124344,2072693.21604818
2025-10-20,3429153.4319394985,1045380.7595027669,34750,197213.09837164963,2151809.5740650822
2025-10-21,3426306.238790241,1045107.297663249,34750,197256.33082347125,2149192.6103035207
2025-10-22,3352898.729279644,1035038.7686906578,34750,196928.55600851923,2086181.4045804671
2025-10-23,3415547.363541734,1043739.7797958084,34750,197275.49534096854,2139782.088404957
2025-10-24,3496627.3427748075,1054885.1495336283,34750,197511.43495556,2209480.7582856193
2025-10-27,3632310.172881782,1073671.8005391383,34750,197674.3163878407,2326214.055954803
2025-10-28,3692690.7856255206,1081928.240527087,34750,197692.59190039747,2378319.953198036
2025-10-29,3728037.6739451857,1086800.1598694336,34750,197698.61653613977,2408788.8975396124
2025-10-30,3605509.437227027,1070184.5099920004,34750,197690.4578931803,2302884.469341846
2025-10-31,3642392.7737474684,1075347.0021016335,34750,197699.38356491728,2334596.3880809173
2025-11-03,3678977.9055052716,1081242.3832834982,34900,198182.40690366164,2364653.115318112
2025-11-04,3509281.0534371035,1059295.2280488487,34900,198178.7766270827,2216907.048761172
2025-11-05,3560182.5571449585,1066189.036370329,34900,198182.03577034778,2260911.4850042816
2025-11-06,3413358.7881374024,1046328.7751916825,34900,198174.68515515057,2133955.3277905695
2025-11-07,3386734.0895299083,1043027.3104656036,34900,198177.37851110706,2110629.4005531976
2025-11-10,3554550.6524047935,1066103.4223456183,34900,198182.5635075204,2255364.666551655
2025-11-11,3530277.5891930065,1063263.8557235897,34900,198182.56350776376,2233931.169961653
2025-11-12,3522934.2182807177,1062425.6735402,34900,198182.56350776376,2227425.981232754
2025-11-13,3363668.030445936,1040735.151564989,34900,198182.56350776376,2089850.3153731835
2025-11-14,3368608.4629400047,1041521.965333552,34900,198391.68600880928,2093794.8115976434
2025-11-17,3299640.916214627,1032626.7725734325,34900,197459.89273115466,2034654.2509100405
2025-11-18,3205136.4376623817,1020053.8310078951,34900,194858.53972172027,1955324.0669327665
2025-11-19,3244765.9084776137,1026143.598348523,34900,196374.8873458624,1987347.4227832286
2025-11-20,2979370.299434118,1001852.9157984324,34900,102241.10834730967,1840376.2752883756
2025-11-21,3034339.353877088,1009379.6414586905,34900,104351.19522083452,1885708.5171975633
2025-11-24,3231525.5011382718,1035192.6875384278,34900,111734.29378654232,2049698.519813302
2025-11-25,3279649.5486311433,1041573.3337483786,34900,113637.92854959631,2089538.2863331684
2025-11-26,3350333.390852268,1050776.4237754159,34900,116429.25622542594,2148227.710851426
2025-11-28,3414860.038822026,1059295.2280488487,34900,118812.11701662414,2201852.6937565533
2025-12-01,3385400.7429352496,1056487.1300633315,35050,118231.8037236066,2175631.8091483116
2025-12-02,3446698.539657714,1064755.2750391196,35050,120796.04726631015,2226097.217352284
2025-12-03,3465020.4696687404,1067357.2827787674,35050,121584.90345632494,2241028.283433648
2025-12-04,3455738.196016445,1066364.3949073462,35050,121197.04973747386,2233126.7513716244
2025-12-05,3487831.312849695,1070712.3933046095,35050,122502.01104287474,2259566.908502211
2025-12-08,3468326.1432809653,1068658.2866485913,35050,121730.67037919835,2242887.1862531756
2025-12-09,3477330.4846194796,1069976.3210059498,35050,122147.92504261769,2250156.2385709123
2025-12-10,3509317.590745069,1074358.5893413196,35050,123452.87960720314,2276456.121796546
2025-12-11,3481417.6469727578,1070883.6385136233,35050,122321.83032059974,2253162.1781385345
2025-12-12,3328177.634549753,1050410.1714959876,35050,115513.67501374091,2127203.788040024
2025-12-15,3283835.427284916,1045137.7206219975,35050,113813.33176657201,2089834.3748963464
2025-12-16,3297992.638371155,1047209.0667285875,35050,114437.02196944098,2101296.5496731265
2025-12-17,3155364.7854900723,1027796.9229770672,35050,108389.52368985297,1984128.3388231525
2025-12-18,3264504.7381875003,1042689.8231223103,35050,112744.75682635284,2074020.158238837
2025-12-19,3366298.091214506,1056281.7193977297,35050,116892.94800981854,2158073.423806958
2025-12-22,3381381.093396356,1059979.3203415994,35050,118400.83992062196,2167950.9331341344
2025-12-23,3418010.713452371,1064943.550735668,35050,119969.67953514814,2198047.4831815544
2025-12-24,3440082.6542722406,1068059.0851393205,35050,120692.444091537,2216281.1250413833
2025-12-26,3437207.4025772647,1067990.6497446261,35050,120589.89411485242,2213576.858717786
2025-12-29,3394027.417100733,1062820.904203437,35050,118897.63448922193,2177258.8784080744
2025-12-30,3374413.9283138327,1060355.8717346967,35050,118092.57818705334,2160915.4783920827
2025-12-31,3306316.7344618053,1051591.3350639571,35050,115243.75568885914,2104431.643708989
